"id"	"L1"	"L2"	"Function"	"Gene"
"NF000100.2"	"AMINOGLYCOSIDE"	"KASUGAMYCIN"	"kasugamycin N-acetyltransferase AAC(2')-IIa"	"aac(2')-IIa"
"NF033472.1"	"AMINOGLYCOSIDE"	"KASUGAMYCIN"	"kasugamycin N-acetyltransferase AAC(2')-IIb"	"aac(2')-IIb"
"NF000108.1"	"AMINOGLYCOSIDE"	"GENTAMICIN/TOBRAMYCIN"	"aminoglycoside N-acetyltransferase AAC(2')-Ia"	"aac(2')-Ia"
"NF000010.1"	"AMINOGLYCOSIDE"	"GENTAMICIN/TOBRAMYCIN"	"aminoglycoside N-acetyltransferase AAC(2')-Ib"	"aac(2')-Ib"
"NF000034.1"	"AMINOGLYCOSIDE"	"GENTAMICIN/TOBRAMYCIN"	"aminoglycoside N-acetyltransferase AAC(2')-Ic"	"aac(2')-Ic"
"NF000042.1"	"AMINOGLYCOSIDE"	"GENTAMICIN/TOBRAMYCIN"	"aminoglycoside N-acetyltransferase AAC(2')-Id"	"aac(2')-Id"
"NF000054.1"	"AMINOGLYCOSIDE"	"GENTAMICIN/TOBRAMYCIN"	"aminoglycoside N-acetyltransferase AAC(2')-Ie"	"aac(2')-Ie"
"NF033082.0"	"AMINOGLYCOSIDE"	"GENTAMICIN"	"aminoglycoside 3-N-acetyltransferase"	"aac(3)"
"NF033083.0"	"AMINOGLYCOSIDE"	"GENTAMICIN"	"AAC(3)-I family aminoglycoside N-acetyltransferase"	"aac(3)-I"
"NF033080.0"	"AMINOGLYCOSIDE"	"GENTAMICIN"	"AAC(3)-II family aminoglycoside N-acetyltransferase"	"aac(3)-II"
"NF033081.0"	"AMINOGLYCOSIDE"	"GENTAMICIN"	"AAC(3)-IV family aminoglycoside N-acetyltransferase"	"aac(3)-IV"
"NF033180.1"	"AMINOGLYCOSIDE"	"AMINOGLYCOSIDE"	"aminoglycoside N-acetyltransferase AAC(3)-VIII"	"aac(3)-VIII"
"NF033612.0"	"AMINOGLYCOSIDE"	"GENTAMICIN"	"aminoglycoside N-acetyltransferase AAC(3)-VIa"	"aac(3)-VIa"
"NF000482.1"	"AMINOGLYCOSIDE"	"AMINOGLYCOSIDE"	"aminoglycoside N-acetyltransferase AAC(3)-XI"	"aac(3)-XI"
"NF012165.0"	"AMINOGLYCOSIDE"	"AMINOGLYCOSIDE"	"aminoglycoside 6'-N-acetyltransferase"	"aac(6')"
"NF043067.1"	"AMINOGLYCOSIDE"	"AMINOGLYCOSIDE"	"aminoglycoside 6'-N-acetyltransferase"	"aac(6')"
"NF033078.2"	"AMINOGLYCOSIDE"	"AMINOGLYCOSIDE"	"AAC(6')-Ia family aminoglycoside 6'-N-acetyltransferase"	"aac(6')"
"NF000140.3"	"AMINOGLYCOSIDE"	"AMINOGLYCOSIDE"	"cryptic aminoglycoside N-acetyltransferase AAC(6')-Iy/Iaa"	"aac(6')"
"NF000021.4"	"AMINOGLYCOSIDE"	"AMINOGLYCOSIDE"	"aminoglycoside 6'-N-acetyltransferase"	"aac(6')"
"NF033075.0"	"AMINOGLYCOSIDE"	"AMINOGLYCOSIDE"	"aminoglycoside 6'-N-acetyltransferase"	"aac(6')"
"NF000225.3"	"AMINOGLYCOSIDE"	"AMINOGLYCOSIDE"	"aminoglycoside 6'-N-acetyltransferase"	"aac(6')"
"NF033076.0"	"AMINOGLYCOSIDE"	"AMINOGLYCOSIDE"	"aminoglycoside 6'-N-acetyltransferase"	"aac(6')"
"NF000050.2"	"AMINOGLYCOSIDE"	"AMINOGLYCOSIDE"	"aminoglycoside 6'-N-acetyltransferase AAC(6')-29"	"aac(6')-29"
"NF033077.0"	"AMINOGLYCOSIDE"	"AMINOGLYCOSIDE"	"aminoglycoside 6'-N-acetyltransferase AAC(6')-30"	"aac(6')-30"
"NF000118.3"	"AMINOGLYCOSIDE"	"AMINOGLYCOSIDE"	"aminoglycoside N-acetyltransferase AAC(6')-31"	"aac(6')-31"
"NF000224.3"	"AMINOGLYCOSIDE"	"AMIKACIN/KANAMYCIN/TOBRAMYCIN"	"AAC(6')-Ighjkrstuvwx family aminoglycoside N-acetyltransferase"	"aac(6')-I"
"NF000165.3"	"AMINOGLYCOSIDE"	"AMINOGLYCOSIDE"	"aminoglycoside N-acetyltransferase AAC(6')-Ii"	"aac(6')-I"
"NF038102.1"	"AMINOGLYCOSIDE"	"TOBRAMYCIN"	"tobramycin N-acetyltransferase AAC(6')-III"	"aac(6')-III"
"NF000135.2"	"AMINOGLYCOSIDE"	"GENTAMICIN/KANAMYCIN/TOBRAMYCIN"	"aminoglycoside N-acetyltransferase AAC(6')-IIc"	"aac(6')-IIc"
"NF000115.2"	"AMINOGLYCOSIDE"	"AMIKACIN/TOBRAMYCIN"	"aminoglycoside N-acetyltransferase AAC(6')-Iad"	"aac(6')-Iad"
"NF000497.1"	"AMINOGLYCOSIDE"	"AMINOGLYCOSIDE"	"aminoglycoside N-acetyltransferase AAC(6')-Iak"	"aac(6')-Iak"
"NF000431.1"	"AMINOGLYCOSIDE"	"AMIKACIN/KANAMYCIN/TOBRAMYCIN"	"aminoglycoside N-acetyltransferase AAC(6')-Ian"	"aac(6')-Ian"
"NF033074.0"	"AMINOGLYCOSIDE"	"AMINOGLYCOSIDE"	"AAC(6')-Ib family aminoglycoside 6'-N-acetyltransferase"	"aac(6')-Ib"
"NF033374.6"	"AMINOGLYCOSIDE"	"AMINOGLYCOSIDE"	"aminoglycoside N-acetyltransferase AAC(6')-Id"	"aac(6')-Id"
"NF000507.1"	"AMINOGLYCOSIDE"	"AMIKACIN/KANAMYCIN/TOBRAMYCIN"	"aminoglycoside N-acetyltransferase AAC(6')-Ie"	"aac(6')-Ie"
"NF033693.0"	"AMINOGLYCOSIDE"	"AMIKACIN/KANAMYCIN/TOBRAMYCIN"	"AAC(6')-Ie family aminoglycoside N-acetyltransferase"	"aac(6')-Ie"
"NF000110.2"	"AMINOGLYCOSIDE"	"AMIKACIN/KANAMYCIN/TOBRAMYCIN"	"aminoglycoside N-acetyltransferase AAC(6')-If"	"aac(6')-If"
"NF000158.2"	"AMINOGLYCOSIDE"	"AMIKACIN/KANAMYCIN/TOBRAMYCIN"	"aminoglycoside N-acetyltransferase AAC(6')-Il"	"aac(6')-Il"
"NF000016.1"	"AMINOGLYCOSIDE"	"AMIKACIN/KANAMYCIN/TOBRAMYCIN"	"aminoglycoside N-acetyltransferase AAC(6')-Im"	"aac(6')-Im"
"NF000486.1"	"AMINOGLYCOSIDE"	"AMINOGLYCOSIDE"	"aminoglycoside 6'-N-acetyltransferase AAC(6')-Ip"	"aac(6')-Ip"
"NF000138.1"	"AMINOGLYCOSIDE"	"TOBRAMYCIN"	"aminoglycoside N-acetyltransferase AAC(6')-Iz"	"aac(6')-Iz"
"NF033151.0"	"AMINOGLYCOSIDE"	"AMIKACIN/KANAMYCIN/TOBRAMYCIN"	"AAC(6')-I family aminoglycoside 6'-N-acetyltransferase"	"aacA10"
"NF000123.2"	"AMINOGLYCOSIDE"	"KANAMYCIN/TOBRAMYCIN"	"aminoglycoside 6'-N-acetyltransferase AacA34"	"aacA34"
"NF000152.2"	"AMINOGLYCOSIDE"	"AMINOGLYCOSIDE"	"aminoglycoside 6'-N-acetyltransferase AacA37"	"aacA37"
"NF000048.1"	"AMINOGLYCOSIDE"	"AMINOGLYCOSIDE"	"aminoglycoside 6'-N-acetyltransferase AacA40"	"aacA40"
"NF033130.1"	"AMINOGLYCOSIDE"	"AMIKACIN/KANAMYCIN/TOBRAMYCIN"	"AacA48 family aminoglycoside 6'-N-acetyltransferase"	"aacA48"
"NF033150.1"	"AMINOGLYCOSIDE"	"AMINOGLYCOSIDE"	"aminoglycoside 6'-N-acetyltransferase AacA49"	"aacA49"
"NF033126.1"	"AMINOGLYCOSIDE"	"STREPTOMYCIN"	"ANT(3'')-Ia family aminoglycoside nucleotidyltransferase AadA1"	"aadA1"
"NF033127.1"	"AMINOGLYCOSIDE"	"STREPTOMYCIN"	"ANT(3'')-Ia family aminoglycoside nucleotidyltransferase AadA3"	"aadA3"
"NF000181.1"	"AMINOGLYCOSIDE"	"KANAMYCIN/TOBRAMYCIN"	"aminoglycoside O-nucleotidyltransferase ANT(4')-Ia"	"aadD1"
"NF000079.1"	"AMINOGLYCOSIDE"	"AMIKACIN/KANAMYCIN/TOBRAMYCIN"	"aminoglycoside O-nucleotidyltransferase ANT(4')-Ib"	"aadD2"
"NF000312.1"	"AMINOGLYCOSIDE"	"STREPTOMYCIN"	"aminoglycoside 6-adenylyltransferase AadK"	"aadK"
"NF033387.1"	"AMINOGLYCOSIDE"	"STREPTOMYCIN"	"AadS family aminoglycoside 6-adenylyltransferase"	"aadS"
"NF000355.3"	"MACROLIDE"	"MACROLIDE"	"ABC-F type ribosomal protection protein"	"abc-f"
"NF000171.1"	"MACROLIDE"	"MACROLIDE"	"TlrC/CarA/OleB/SrmB family ABC-F type ribosomal protection protein"	"abc-f"
"NF033142.1"	"EFFLUX"	"EFFLUX"	"multidrug efflux RND transporter AdeABC outer membrane channel subunit AdeC"	"adeC"
"NF012173.1"	"BETA-LACTAM"	"BETA-LACTAM"	"CMY2/MIR/ACT/EC family class C beta-lactamase"	"ampC"
"NF041666.1"	"BETA-LACTAM"	"CEPHALOSPORIN"	"CMY2-MIR-ACT-EC family cephalosporin-hydrolyzing class C beta-lactamase"	"ampC"
"NF041662.1"	"BETA-LACTAM"	"CEPHALOSPORIN"	"CMY2-MIR-ACT-EC family cephalosporin-hydrolyzing class C beta-lactamase"	"ampC"
"NF041663.1"	"BETA-LACTAM"	"CEPHALOSPORIN"	"cephalosporin-hydrolyzing class C beta-lactamase"	"ampC"
"NF033085.1"	"BETA-LACTAM"	"BETA-LACTAM"	"class C beta-lactamase"	"ampC"
"NF012172.1"	"BETA-LACTAM"	"BETA-LACTAM"	"FOX/MOX family class C beta-lactamase"	"ampC"
"NF000064.3"	"AMINOGLYCOSIDE"	"GENTAMICIN/KANAMYCIN/TOBRAMYCIN"	"aminoglycoside nucleotidyltransferase ANT(2'')-Ia"	"ant(2'')-Ia"
"NF012157.0"	"AMINOGLYCOSIDE"	"SPECTINOMYCIN/STREPTOMYCIN"	"AadA family aminoglycoside 3''-O-nucleotidyltransferase"	"ant(3'')"
"NF033220.1"	"AMINOGLYCOSIDE"	"SPECTINOMYCIN/STREPTOMYCIN"	"ANT(3'')-II family aminoglycoside nucleotidyltransferase"	"ant(3'')-II"
"NF028535.0"	"AMINOGLYCOSIDE"	"KANAMYCIN/TOBRAMYCIN"	"ANT(4')-II family aminoglycoside nucleotidyltransferase"	"ant(4')"
"NF033061.1"	"AMINOGLYCOSIDE"	"KANAMYCIN/TOBRAMYCIN"	"ANT(4')-I family aminoglycoside nucleotidyltransferase"	"ant(4')-I"
"NF033084.2"	"AMINOGLYCOSIDE"	"STREPTOMYCIN"	"aminoglycoside 6-adenylyltransferase"	"ant(6)"
"NF012212.0"	"AMINOGLYCOSIDE"	"SPECTINOMYCIN"	"aminoglycoside nucleotidyltransferase ANT(9)"	"ant(9)"
"NF000076.3"	"AMINOGLYCOSIDE"	"AMIKACIN/GENTAMICIN/KANAMYCIN/TOBRAMYCIN"	"APH(2'')-Ie/IVa family aminoglycoside O-phosphotransferase"	"aph(2'')"
"NF033692.1"	"AMINOGLYCOSIDE"	"AMIKACIN/GENTAMICIN/KANAMYCIN/TOBRAMYCIN"	"APH(2'')-Ia/If/Ih family aminoglycoside O-phosphotransferase"	"aph(2'')-I"
"NF000498.2"	"AMINOGLYCOSIDE"	"AMIKACIN/GENTAMICIN/KANAMYCIN/TOBRAMYCIN"	"APH(2'')-If/Ih family aminoglycoside O-phosphotransferase"	"aph(2'')-I"
"NF000044.2"	"AMINOGLYCOSIDE"	"AMIKACIN/GENTAMICIN/KANAMYCIN/TOBRAMYCIN"	"aminoglycoside O-phosphotransferase APH(2'')-IIIa"	"aph(2'')-IIIa"
"NF000015.3"	"AMINOGLYCOSIDE"	"AMIKACIN/GENTAMICIN/KANAMYCIN/TOBRAMYCIN"	"aminoglycoside O-phosphotransferase APH(2'')-IIa"	"aph(2'')-IIa"
"NF000508.1"	"AMINOGLYCOSIDE"	"AMIKACIN/GENTAMICIN/KANAMYCIN/TOBRAMYCIN"	"aminoglycoside O-phosphotransferase APH(2'')-Ia"	"aph(2'')-Ia"
"NF000132.2"	"AMINOGLYCOSIDE"	"AMIKACIN/GENTAMICIN/KANAMYCIN/TOBRAMYCIN"	"aminoglycoside O-phosphotransferase APH(2'')-Ig"	"aph(2'')-Ig"
"NF041446.1"	"AMINOGLYCOSIDE"	"AMIKACIN/GENTAMICIN/KANAMYCIN/TOBRAMYCIN"	"aminoglycoside O-phosphotransferase APH(2'')-Ii"	"aph(2'')-Ii"
"NF032896.1"	"AMINOGLYCOSIDE"	"STREPTOMYCIN"	"APH(3'') family aminoglycoside O-phosphotransferase"	"aph(3'')"
"NF032894.1"	"AMINOGLYCOSIDE"	"STREPTOMYCIN"	"aminoglycoside O-phosphotransferase APH(3'')-Ia"	"aph(3'')-Ia"
"NF032895.1"	"AMINOGLYCOSIDE"	"STREPTOMYCIN"	"aminoglycoside O-phosphotransferase APH(3'')-Ib"	"aph(3'')-Ib"
"NF033068.1"	"AMINOGLYCOSIDE"	"AMINOGLYCOSIDE"	"APH(3') family aminoglycoside O-phosphotransferase"	"aph(3')"
"NF033059.2"	"AMINOGLYCOSIDE"	"GENTAMICIN/KANAMYCIN"	"APH(3')-I family aminoglycoside O-phosphotransferase"	"aph(3')-I"
"NF032898.1"	"AMINOGLYCOSIDE"	"KANAMYCIN"	"APH(3')-II family aminoglycoside O-phosphotransferase"	"aph(3')-II"
"NF033064.0"	"AMINOGLYCOSIDE"	"AMIKACIN/KANAMYCIN"	"aminoglycoside O-phosphotransferase APH(3')-IIIa"	"aph(3')-IIIa"
"NF033065.0"	"AMINOGLYCOSIDE"	"KANAMYCIN"	"aminoglycoside O-phosphotransferase APH(3')-IVa"	"aph(3')-IVa"
"NF032897.1"	"AMINOGLYCOSIDE"	"AMINOGLYCOSIDE"	"APH(3')-V family aminoglycoside O-phosphotransferase"	"aph(3')-V"
"NF033062.0"	"AMINOGLYCOSIDE"	"AMIKACIN/KANAMYCIN"	"APH(3')-VI family aminoglycoside O-phosphotransferase"	"aph(3')-VI"
"NF033066.0"	"AMINOGLYCOSIDE"	"AMIKACIN/KANAMYCIN"	"aminoglycoside O-phosphotransferase APH(3')-VIII"	"aph(3')-VIII"
"NF033067.1"	"AMINOGLYCOSIDE"	"AMIKACIN/KANAMYCIN"	"aminoglycoside O-phosphotransferase APH(3')-VIIa"	"aph(3')-VIIa"
"NF033063.0"	"AMINOGLYCOSIDE"	"AMIKACIN/KANAMYCIN"	"aminoglycoside O-phosphotransferase APH(3')-XV"	"aph(3')-XV"
"NF000107.2"	"AMINOGLYCOSIDE"	"HYGROMYCIN"	"aminoglycoside O-phosphotransferase APH(4)-Ia"	"aph(4)-Ia"
"NF012160.0"	"AMINOGLYCOSIDE"	"AMINOGLYCOSIDE"	"APH(6) family putative aminoglycoside O-phosphotransferase"	"aph(6)"
"NF012171.0"	"AMINOGLYCOSIDE"	"STREPTOMYCIN"	"APH(6)-I family aminoglycoside O-phosphotransferase"	"aph(6)-I"
"NF033614.1"	"AMINOGLYCOSIDE"	"STREPTOMYCIN"	"APH(6)-I family aminoglycoside O-phosphotransferase"	"aph(6)-I"
"NF000011.2"	"AMINOGLYCOSIDE"	"STREPTOMYCIN"	"aminoglycoside O-phosphotransferase APH(6)-Ic"	"aph(6)-Ic"
"NF000137.2"	"AMINOGLYCOSIDE"	"HYGROMYCIN"	"aminoglycoside O-phosphotransferase APH(7'')-Ia"	"aph(7'')-Ia"
"NF000052.4"	"AMINOGLYCOSIDE"	"SPECTINOMYCIN"	"aminoglycoside O-phosphotransferase APH(9)-Ia"	"aph(9)-Ia"
"NF000029.2"	"AMINOGLYCOSIDE"	"SPECTINOMYCIN"	"aminoglycoside O-phosphotransferase APH(9)-Ib"	"aph(9)-Ib"
"NF033112.0"	"AMINOGLYCOSIDE"	"AMIKACIN/KANAMYCIN"	"aminoglycoside 3'-O-phosphotransferase AphA16"	"aphA16"
"NF000084.1"	"AMINOGLYCOSIDE"	"APRAMYCIN"	"aminocyclitol acetyltransferase ApmA"	"apmA"
"NF033144.1"	"RIFAMYCIN"	"RIFAMYCIN"	"NAD(+)--rifampin ADP-ribosyltransferase"	"arr"
"NF000066.1"	"RIFAMYCIN"	"RIFAMYCIN"	"NAD(+)--rifampin ADP-ribosyltransferase"	"arr"
"NF000318.1"	"RIFAMYCIN"	"RIFAMYCIN"	"NAD(+)--rifampin ADP-ribosyltransferase"	"arr"
"NF033877.0"	"ARSENIC"	"ARSENITE"	"arsenite efflux transporter membrane subunit ArsB"	"arsB"
"NF007456.1"	"ARSENIC"	"ARSENATE"	"glutaredoxin-dependent arsenate reductase"	"arsC"
"NF033727.1"	"ARSENIC"	"ARSENITE"	"arsenite efflux transporter metallochaperone ArsD"	"arsD"
"NF040503.1"	"ARSENIC"	"ARSENIC"	"arsinothricin resistance N-acetyltransferase ArsN1 family A"	"arsN1"
"NF040504.1"	"ARSENIC"	"ARSENIC"	"arsinothricin resistance N-acetyltransferase ArsN1 family B"	"arsN1"
"NF040501.1"	"ARSENIC"	"ARSENIC"	"arsenic resistance N-acetyltransferase ArsN2"	"arsN2"
"NF033636.1"			"acid resistance repetitive basic protein Asr"	"asr"
"NF033646.1"			"heat-stable enterotoxin EAST1"	"astA"
"NF033469.1"	"BACITRACIN"	"BACITRACIN"	"quaternary ammonium compound efflux SMR transporter BcrB"	"bcrB"
"NF033470.1"	"BACITRACIN"	"BACITRACIN"	"quaternary ammonium compound efflux SMR transporter BcrC"	"bcrC"
"NF033103.1"	"BETA-LACTAM"	"BETA-LACTAM"	"class A beta-lactamase"	"bla"
"NF012099.1"	"BETA-LACTAM"	"BETA-LACTAM"	"class A beta-lactamase, subclass A2"	"bla"
"NF000538.0"	"BETA-LACTAM"	"CARBAPENEM"	"carbapenem-hydrolyzing class A beta-lactamase"	"bla"
"NF012167.0"	"BETA-LACTAM"	"BETA-LACTAM"	"class A beta-lactamase"	"bla"
"NF012229.1"	"BETA-LACTAM"	"BETA-LACTAM"	"metallo-beta-lactamase"	"bla"
"NF033088.2"	"BETA-LACTAM"	"BETA-LACTAM"	"subclass B1 metallo-beta-lactamase"	"bla"
"NF041269.1"	"BETA-LACTAM"	"CARBAPENEM"	"subclass B1 metallo-beta-lactamase, long type"	"bla"
"NF033087.1"	"BETA-LACTAM"	"BETA-LACTAM"	"subclass B2 metallo-beta-lactamase"	"bla"
"NF033105.1"	"BETA-LACTAM"	"BETA-LACTAM"	"subclass B3 metallo-beta-lactamase"	"bla"
"NF033096.1"	"BETA-LACTAM"	"BETA-LACTAM"	"class A beta-lactamase Bla1"	"bla"
"NF012146.1"	"BETA-LACTAM"	"BETA-LACTAM"	"BlaB/IND/MUS family subclass B1 metallo-beta-lactamase"	"bla"
"NF033626.2"	"BETA-LACTAM"	"BETA-LACTAM"	"BKC/GPC family carbapenem-hydrolyzing class A beta-lactamase"	"bla"
"NF012137.0"	"BETA-LACTAM"	"BETA-LACTAM"	"MUS/TUS/MOC family subclass B1 metallo-beta-lactamase"	"bla"
"NF000275.2"	"BETA-LACTAM"	"BETA-LACTAM"	"PLA/ORN/TER family class A beta-lactamase"	"bla"
"NF012225.0"	"BETA-LACTAM"	"BETA-LACTAM"	"SFH-related subclass B2 metallo-beta-lactamase"	"bla"
"NF033141.0"	"BETA-LACTAM"	"BETA-LACTAM"	"BlaZ-like penicillin-hydrolyzing class A beta-lactamase"	"bla"
"NF000447.2"	"BETA-LACTAM"	"BETA-LACTAM"	"CGA/CIA family class A beta-lactamase"	"bla-A"
"NF000450.2"	"BETA-LACTAM"	"CARBAPENEM"	"subclass B1 metallo-beta-lactamase"	"bla-B1-FLAV"
"NF033095.1"	"BETA-LACTAM"	"CARBAPENEM"	"BcII family subclass B1 metallo-beta-lactamase"	"bla2"
"NF033099.1"	"BETA-LACTAM"	"BETA-LACTAM"	"Exo family class A beta-lactamase"	"bla2a"
"NF033152.0"	"BETA-LACTAM"	"BETA-LACTAM"	"class A beta-lactamase BlaA"	"blaA"
"NF038195.1"	"BETA-LACTAM"	"BETA-LACTAM"	"AAK family class A beta-lactamase"	"blaAAK"
"NF000397.2"	"BETA-LACTAM"	"CEPHALOSPORIN"	"ACC family cephalosporin-hydrolyzing class C beta-lactamase"	"blaACC"
"NF000448.2"	"BETA-LACTAM"	"CEPHALOSPORIN"	"ACI family class A beta-lactamase"	"blaACI"
"NF000385.4"	"BETA-LACTAM"	"CEPHALOSPORIN"	"ACT family cephalosporin-hydrolyzing class C beta-lactamase"	"blaACT"
"NF000425.2"	"BETA-LACTAM"	"CEPHALOSPORIN"	"ADC family extended-spectrum class C beta-lactamase"	"blaADC"
"NF033736.1"	"BETA-LACTAM"	"CARBAPENEM"	"AFM family subclass B1 metallo-beta-lactamase"	"blaAFM"
"NF000439.2"	"BETA-LACTAM"	"CARBAPENEM"	"AIM family subclass B3 metallo-beta-lactamase"	"blaAIM"
"NF033582.2"	"BETA-LACTAM"	"CARBAPENEM"	"ALI family subclass B1 metallo-beta-lactamase"	"blaALI"
"NF041741.1"	"BETA-LACTAM"	"CEPHALOSPORIN"	"AMZ family class C beta-lactamase"	"blaAMZ"
"NF033467.0"	"BETA-LACTAM"	"BETA-LACTAM"	"AQU family class C beta-lactamase"	"blaAQU"
"NF033386.1"	"BETA-LACTAM"	"BETA-LACTAM"	"ARL family class A beta-lactamase"	"blaARL"
"NF033929.1"	"BETA-LACTAM"	"CARBAPENEM"	"AXC family carbapenem-hydrolyzing class A beta-lactamase"	"blaAXC"
"NF033107.1"	"BETA-LACTAM"	"CARBAPENEM"	"BlaB family subclass B1 metallo-beta-lactamase"	"blaB"
"NF000453.2"	"BETA-LACTAM"	"CARBAPENEM"	"PEDO-3 family subclass B1 metallo-beta-lactamase"	"blaB1PEDO"
"NF000457.2"	"BETA-LACTAM"	"CARBAPENEM"	"PEDO-1 family subclass B3 metallo-beta-lactamase"	"blaB3PEDO"
"NF000458.2"	"BETA-LACTAM"	"CARBAPENEM"	"PEDO-2 family subclass B3 metallo-beta-lactamase"	"blaB3PEDO"
"NF033714.1"	"BETA-LACTAM"	"BETA-LACTAM"	"BBI family class A beta-lactamase"	"blaBBI"
"NF033060.0"	"BETA-LACTAM"	"BETA-LACTAM"	"BCL family class A beta-lactamase"	"blaBCL"
"NF000398.2"	"BETA-LACTAM"	"CEPHALOSPORIN"	"BEL family extended-spectrum class A beta-lactamase"	"blaBEL"
"NF000451.2"	"BETA-LACTAM"	"CEPHALOSPORIN"	"BES family class A beta-lactamase"	"blaBES"
"NF000449.2"	"BETA-LACTAM"	"CARBAPENEM"	"BIC family carbapenem-hydrolyzing class A beta-lactamase"	"blaBIC"
"NF041846.1"	"BETA-LACTAM"	"CARBAPENEM"	"BIM family subclass B1 metallo-beta-lactamase"	"blaBIM"
"NF012140.0"	"BETA-LACTAM"	"CARBAPENEM"	"BJP family subclass B3 metallo-beta-lactamase"	"blaBJP"
"NF000413.2"	"BETA-LACTAM"	"CARBAPENEM"	"BKC family carbapenem-hydrolyzing class A beta-lactamase"	"blaBKC"
"NF040659.1"	"BETA-LACTAM"	"BETA-LACTAM"	"BOR family class A beta-lactamase"	"blaBOR"
"NF012098.1"	"BETA-LACTAM"	"BETA-LACTAM"	"BPU family class D beta-lactamase"	"blaBPU"
"NF038238.1"	"BETA-LACTAM"	"BETA-LACTAM"	"BUT family class C beta-lactamase"	"blaBUT"
"NF041154.1"	"BETA-LACTAM"	"BETA-LACTAM"	"class A beta-lactamase BlaC"	"blaC"
"NF041590.1"	"BETA-LACTAM"	"CEPHALOSPORIN"	"CAE family broad-spectrum class A beta-lactamase"	"blaCAE"
"NF033895.1"	"BETA-LACTAM"	"CARBAPENEM"	"CAM family subclass B1 metallo-beta-lactamase"	"blaCAM"
"NF000469.2"	"BETA-LACTAM"	"CARBAPENEM"	"CAR family subclass B3 metallo-beta-lactamase"	"blaCAR"
"NF000188.2"	"BETA-LACTAM"	"BETA-LACTAM"	"CARB family carbenicillin-hydrolyzing class A beta-lactamase"	"blaCARB"
"NF000481.1"	"BETA-LACTAM"	"BETA-LACTAM"	"CARB/PSE/RTG family carbenicillin-hydrolyzing class A beta-lactamase"	"blaCARB"
"NF000427.2"	"BETA-LACTAM"	"CARBAPENEM"	"CAU/MBL1b family subclass B3 metallo-beta-lactamase"	"blaCAU"
"NF000517.2"	"BETA-LACTAM"	"BETA-LACTAM"	"CBP family penicillin-hydrolyzing class A beta-lactamase"	"blaCBP"
"NF033866.1"	"BETA-LACTAM"	"BETA-LACTAM"	"CDD family class D beta-lactamase"	"blaCDD"
"NF041758.1"	"BETA-LACTAM"	"CARBAPENEM"	"CHM family subclass B1 metallo-beta-lactamase"	"blaCHM"
"NF000446.2"	"BETA-LACTAM"	"CEPHALOSPORIN"	"CIA family extended-spectrum class A beta-lactamase"	"blaCIA"
"NF041441.1"	"BETA-LACTAM"	"CARBAPENEM"	"CIM family subclass B1 metallo-beta-lactamase"	"blaCIB"
"NF033700.1"	"BETA-LACTAM"	"CEPHALOTHIN"	"CMA family class C beta-lactamase"	"blaCMA"
"NF000511.2"	"BETA-LACTAM"	"CEPHALOSPORIN"	"CME family extended-spectrum class A beta-lactamase"	"blaCME"
"NF000419.2"	"BETA-LACTAM"	"BETA-LACTAM"	"CMH family class C beta-lactamase"	"blaCMH"
"NF000191.1"	"BETA-LACTAM"	"CEPHALOSPORIN"	"CMY-2 family class C beta-lactamase"	"blaCMY"
"NF000454.2"	"BETA-LACTAM"	"CARBAPENEM"	"CPS family subclass B3 metallo-beta-lactamase"	"blaCPS"
"NF033211.1"	"BETA-LACTAM"	"CARBAPENEM"	"CRH family carbapenem-hydrolyzing class A beta-lactamase"	"blaCRH"
"NF040548.1"	"BETA-LACTAM"	"CARBAPENEM"	"CRP family carbapenem-hydrolyzing class A beta-lactamase"	"blaCRP"
"NF033698.1"	"BETA-LACTAM"	"CEPHALOTHIN"	"CSA family class C beta-lactamase"	"blaCSA"
"NF033089.1"	"BETA-LACTAM"	"CEPHALOSPORIN"	"CTX-M family extended-spectrum class A beta-lactamase"	"blaCTX-M"
"NF038046.1"	"BETA-LACTAM"	"CARBAPENEM"	"CVI family subclass B2 metallo-beta-lactamase"	"blaCVI"
"NF012102.1"	"BETA-LACTAM"	"CEPHALOSPORIN"	"DHA family class C beta-lactamase"	"blaDHA"
"NF000445.2"	"BETA-LACTAM"	"CARBAPENEM"	"DIM family subclass B1 metallo-beta-lactamase"	"blaDIM"
"NF012145.1"	"BETA-LACTAM"	"CARBAPENEM"	"DIM/SIM/IMP family subclass B1 metallo-beta-lactamase"	"blaDIM"
"NF040470.1"	"BETA-LACTAM"	"CEPHALOSPORIN"	"EAM family subclass B3 metallo-beta-lactamase"	"blaEAM"
"NF000444.3"	"BETA-LACTAM"	"CARBAPENEM"	"EBR family subclass B1 metallo-beta-lactamase"	"blaEBR"
"NF000185.2"	"BETA-LACTAM"	"BETA-LACTAM"	"BlaEC family class C beta-lactamase"	"blaEC"
"NF040468.1"	"BETA-LACTAM"	"CEPHALOSPORIN"	"ECM family subclass B3 metallo-beta-lactamase"	"blaECM"
"NF040469.1"	"BETA-LACTAM"	"CARBAPENEM"	"EFM family subclass B3 metallo-beta-lactamase"	"blaEFM"
"NF000455.2"	"BETA-LACTAM"	"CARBAPENEM"	"ESP-1 family subclass B3 metallo-beta-lactamase"	"blaESP"
"NF000216.2"	"BETA-LACTAM"	"CARBAPENEM"	"FEZ family subclass B3 metallo-beta-lactamase"	"blaFEZ"
"NF000437.2"	"BETA-LACTAM"	"CARBAPENEM"	"FIM family subclass B1 metallo-beta-lactamase"	"blaFIM"
"NF000323.2"	"BETA-LACTAM"	"BETA-LACTAM"	"FONA family class A beta-lactamase"	"blaFONA"
"NF000399.2"	"BETA-LACTAM"	"CEPHALOSPORIN"	"FOX family cephalosporin-hydrolyzing class C beta-lactamase"	"blaFOX"
"NF000428.4"	"BETA-LACTAM"	"CARBAPENEM"	"FRI family carbapenem-hydrolyzing class A beta-lactamase"	"blaFRI"
"NF000513.2"	"BETA-LACTAM"	"BETA-LACTAM"	"FTU family class A beta-lactamase"	"blaFTU"
"NF012103.0"	"BETA-LACTAM"	"CEPHALOSPORIN"	"GES family class A beta-lactamase"	"blaGES"
"NF000505.2"	"BETA-LACTAM"	"BETA-LACTAM"	"GIL family class A beta-lactamase"	"blaGIL"
"NF000396.3"	"BETA-LACTAM"	"CARBAPENEM"	"GIM family subclass B1 metallo-beta-lactamase"	"blaGIM"
"NF040812.1"	"BETA-LACTAM"	"BETA-LACTAM"	"GMA family class A beta-lactamase"	"blaGMA"
"NF038103.1"	"BETA-LACTAM"	"CARBAPENEM"	"GMB family subclass B1 metallo-beta-lactamase"	"blaGMB"
"NF012101.1"	"BETA-LACTAM"	"CARBAPENEM"	"GOB family subclass B3 metallo-beta-lactamase"	"blaGOB"
"NF040780.1"	"BETA-LACTAM"	"BETA-LACTAM"	"HBL family class A beta-lactamase"	"blaHBL"
"NF040940.1"	"BETA-LACTAM"	"BETA-LACTAM"	"HER family class A beta-lactamase"	"blaHER"
"NF041161.1"	"BETA-LACTAM"	"CARBAPENEM"	"HMB family subclass B1 metallo-beta-lactamase"	"blaHMB"
"NF000186.1"	"BETA-LACTAM"	"BETA-LACTAM"	"penicillinase repressor BlaI"	"blaI"
"NF038069.1"	"BETA-LACTAM"	"BETA-LACTAM"	"IDC family class C beta-lactamase"	"blaIDC"
"NF041270.1"	"BETA-LACTAM"	"BETA-LACTAM"	"class A beta-lactamase BlaIII"	"blaIII"
"NF000400.2"	"BETA-LACTAM"	"CARBAPENEM"	"IMI family carbapenem-hydrolyzing class A beta-lactamase"	"blaIMI"
"NF012147.1"	"BETA-LACTAM"	"CARBAPENEM"	"IMP family subclass B1 metallo-beta-lactamase"	"blaIMP"
"NF012149.0"	"BETA-LACTAM"	"CARBAPENEM"	"IND family subclass B1 metallo-beta-lactamase"	"blaIND"
"NF041189.1"	"BETA-LACTAM"	"BETA-LACTAM"	"KBL family class A beta-lactamase"	"blaKBL"
"NF041632.1"	"BETA-LACTAM"	"CARBAPENEM"	"KHM family subclass B1 metallo-beta-lactamase"	"blaKHM"
"NF012148.0"	"BETA-LACTAM"	"CARBAPENEM"	"KHM/HMB family subclass B1 metallo-beta-lactamase"	"blaKHM-HMB"
"NF000452.2"	"BETA-LACTAM"	"CEPHALOSPORIN"	"KLUC family extended-spectrum class A beta-lactamase"	"blaKLUC"
"NF012141.0"	"BETA-LACTAM"	"CARBAPENEM"	"KPC family carbapenem-hydrolyzing class A beta-lactamase"	"blaKPC"
"NF033101.0"	"BETA-LACTAM"	"BETA-LACTAM"	"BlaL family class A beta-lactamase"	"blaL"
"NF033106.1"	"BETA-LACTAM"	"CARBAPENEM"	"L1 family subclass B3 metallo-beta-lactamase"	"blaL1"
"NF000383.2"	"BETA-LACTAM"	"BETA-LACTAM"	"LAP family class A beta-lactamase"	"blaLAP"
"NF040478.1"	"BETA-LACTAM"	"BETA-LACTAM"	"LAQ family class C beta-lactamase"	"blaLAQ"
"NF000233.2"	"BETA-LACTAM"	"BETA-LACTAM"	"LEN family class A beta-lactamase"	"blaLEN"
"NF033569.1"	"BETA-LACTAM"	"BETA-LACTAM"	"LHK family class C beta-lactamase"	"blaLHK"
"NF000324.2"	"BETA-LACTAM"	"CEPHALOSPORIN"	"LUT family class A beta-lactamase"	"blaLUT"
"NF041113.1"	"BETA-LACTAM"	"CARBAPENEM"	"MAB family class A beta-lactamase"	"blaMAB"
"NF033406.1"	"BETA-LACTAM"	"BETA-LACTAM"	"MCA family class C beta-lactamase"	"blaMCA"
"NF000187.3"	"BETA-LACTAM"	"CEPHALOSPORIN"	"MIR family cephalosporin-hydrolyzing class C beta-lactamase"	"blaMIR"
"NF000239.3"	"BETA-LACTAM"	"CEPHALOSPORIN"	"CMY-1/MOX family class C beta-lactamase"	"blaMOX"
"NF000456.2"	"BETA-LACTAM"	"CARBAPENEM"	"MSI-1 family subclass B3 metallo-beta-lactamase"	"blaMSI"
"NF000441.2"	"BETA-LACTAM"	"CARBAPENEM"	"MUS family subclass B1 metallo-beta-lactamase"	"blaMUS"
"NF000259.2"	"BETA-LACTAM"	"CARBAPENEM"	"NDM family subclass B1 metallo-beta-lactamase"	"blaNDM"
"NF000264.2"	"BETA-LACTAM"	"CEPHALOSPORIN"	"OCH family extended-spectrum class C beta-lactamase"	"blaOCH"
"NF000265.2"	"BETA-LACTAM"	"BETA-LACTAM"	"OKP family broad-spectrum class A beta-lactamase"	"blaOKP"
"NF038401.1"	"BETA-LACTAM"	"BETA-LACTAM"	"ORN family class A beta-lactamase"	"blaORN"
"NF012161.0"	"BETA-LACTAM"	"BETA-LACTAM"	"class D beta-lactamase"	"blaOXA"
"NF040529.1"	"BETA-LACTAM"	"CARBAPENEM"	"OXA-1036 family carbapenem-hydrolyzing class D beta-lactamase"	"blaOXA"
"NF040600.1"	"BETA-LACTAM"	"BETA-LACTAM"	"OXA-1043 family class D beta-lactamase"	"blaOXA"
"NF040804.1"	"BETA-LACTAM"	"CARBAPENEM"	"OXA-1089 family carbapenem-hydrolyzing class D beta-lactamase"	"blaOXA"
"NF040803.1"	"BETA-LACTAM"	"BETA-LACTAM"	"OXA-1091 family oxacillin-hydrolyzing class D beta-lactamase"	"blaOXA"
"NF000386.2"	"BETA-LACTAM"	"BETA-LACTAM"	"OXA-10 family class D beta-lactamase"	"blaOXA"
"NF033818.0"	"BETA-LACTAM"	"BETA-LACTAM"	"OXA-114 family class D beta-lactamase"	"blaOXA"
"NF033702.0"	"BETA-LACTAM"	"BETA-LACTAM"	"OXA-12 family class D beta-lactamase"	"blaOXA"
"NF000436.2"	"BETA-LACTAM"	"BETA-LACTAM"	"OXA-134 family carbapenem-hydrolyzing class D beta-lactamase"	"blaOXA"
"NF000464.2"	"BETA-LACTAM"	"BETA-LACTAM"	"OXA-143 family carbapenem-hydrolyzing class D beta-lactamase"	"blaOXA"
"NF000461.2"	"BETA-LACTAM"	"BETA-LACTAM"	"OXA-184 family class D beta-lactamase"	"blaOXA"
"NF040806.1"	"BETA-LACTAM"	"CARBAPENEM"	"OXA-198 family carbapenem-hydrolyzing class D beta-lactamase"	"blaOXA"
"NF000388.2"	"BETA-LACTAM"	"BETA-LACTAM"	"OXA-1 family class D beta-lactamase"	"blaOXA"
"NF000417.2"	"BETA-LACTAM"	"BETA-LACTAM"	"OXA-211 family carbapenem-hydrolyzing class D beta-lactamase"	"blaOXA"
"NF000269.2"	"BETA-LACTAM"	"CARBAPENEM"	"OXA-213 family carbapenem-hydrolyzing class D beta-lactamase"	"blaOXA"
"NF000418.2"	"BETA-LACTAM"	"BETA-LACTAM"	"OXA-214 family carbapenem-hydrolyzing class D beta-lactamase"	"blaOXA"
"NF000501.2"	"BETA-LACTAM"	"BETA-LACTAM"	"OXA-229 family carbapenem-hydrolyzing class D beta-lactamase"	"blaOXA"
"NF033509.1"	"BETA-LACTAM"	"BETA-LACTAM"	"OXA-22 family class D beta-lactamase"	"blaOXA"
"NF000266.2"	"BETA-LACTAM"	"CARBAPENEM"	"OXA-23 family carbapenem-hydrolyzing class D beta-lactamase"	"blaOXA"
"NF000434.2"	"BETA-LACTAM"	"CARBAPENEM"	"OXA-24 family carbapenem-hydrolyzing class D beta-lactamase"	"blaOXA"
"NF033653.1"	"BETA-LACTAM"	"BETA-LACTAM"	"OXA-266 family class D beta-lactamase"	"blaOXA"
"NF033648.1"	"BETA-LACTAM"	"CARBAPENEM"	"OXA-274 family carbapenem-hydrolyzing class D beta-lactamase"	"blaOXA"
"NF000520.2"	"BETA-LACTAM"	"CARBAPENEM"	"OXA-286 family carbapenem-hydrolyzing class D beta-lactamase"	"blaOXA"
"NF038386.1"	"BETA-LACTAM"	"BETA-LACTAM"	"OXA-294 family class D beta-lactamase"	"blaOXA"
"NF000267.2"	"BETA-LACTAM"	"BETA-LACTAM"	"OXA-2 family class D beta-lactamase"	"blaOXA"
"NF033815.0"	"BETA-LACTAM"	"BETA-LACTAM"	"OXA-364 family class D beta-lactamase"	"blaOXA"
"NF000415.3"	"BETA-LACTAM"	"CARBAPENEM"	"OXA-372 family carbapenem-hydrolyzing class D beta-lactamase"	"blaOXA"
"NF038217.1"	"BETA-LACTAM"	"CARBAPENEM"	"OXA-427 family carbapenem-hydrolyzing class D beta-lactamase"	"blaOXA"
"NF040531.1"	"BETA-LACTAM"	"BETA-LACTAM"	"OXA-42 family class D beta-lactamase"	"blaOXA"
"NF033104.0"	"BETA-LACTAM"	"BETA-LACTAM"	"OXA-46 family oxacillin-hydrolyzing class D beta-lactamase"	"blaOXA"
"NF000387.2"	"BETA-LACTAM"	"BETA-LACTAM"	"OXA-48 family class D beta-lactamase"	"blaOXA"
"NF000462.2"	"BETA-LACTAM"	"BETA-LACTAM"	"OXA-493 family class D beta-lactamase"	"blaOXA"
"NF000432.2"	"BETA-LACTAM"	"BETA-LACTAM"	"OXA-50 family oxacillin-hydrolyzing class D beta-lactamase"	"blaOXA"
"NF000268.2"	"BETA-LACTAM"	"BETA-LACTAM"	"OXA-51 family carbapenem-hydrolyzing class D beta-lactamase"	"blaOXA"
"NF040530.1"	"BETA-LACTAM"	"BETA-LACTAM"	"OXA-548 family class D beta-lactamase"	"blaOXA"
"NF033667.1"	"BETA-LACTAM"	"BETA-LACTAM"	"OXA-55 family carbapenem-hydrolyzing class D beta-lactamase"	"blaOXA"
"NF033613.1"	"BETA-LACTAM"	"BETA-LACTAM"	"OXA-576 family class D beta-lactamase"	"blaOXA"
"NF000500.2"	"BETA-LACTAM"	"CARBAPENEM"	"OXA-58 family carbapenem-hydrolyzing class D beta-lactamase"	"blaOXA"
"NF040527.2"	"BETA-LACTAM"	"BETA-LACTAM"	"OXA-5 family class D beta-lactamase"	"blaOXA"
"NF000395.3"	"BETA-LACTAM"	"BETA-LACTAM"	"OXA-60 family carbapenem-hydrolyzing class D beta-lactamase"	"blaOXA"
"NF000435.2"	"BETA-LACTAM"	"BETA-LACTAM"	"OXA-61 family class D beta-lactamase"	"blaOXA"
"NF000430.2"	"BETA-LACTAM"	"BETA-LACTAM"	"OXA-62 family carbapenem-hydrolyzing class D beta-lactamase"	"blaOXA"
"NF000429.2"	"BETA-LACTAM"	"BETA-LACTAM"	"OXA-63 family oxacillin-hydrolyzing class D beta-lactamase"	"blaOXA"
"NF038333.1"	"BETA-LACTAM"	"CARBAPENEM"	"OXA-679 family carbapenem-hydrolyzing class D beta-lactamase"	"blaOXA"
"NF033666.1"	"BETA-LACTAM"	"BETA-LACTAM"	"OXA-727 family class D beta-lactamase"	"blaOXA"
"NF040805.1"	"BETA-LACTAM"	"BETA-LACTAM"	"OXA-732 family class D beta-lactamase"	"blaOXA"
"NF042983.1"	"BETA-LACTAM"	"BETA-LACTAM"	"OXA-837 family class D beta-lactamase"	"blaOXA"
"NF000502.2"	"BETA-LACTAM"	"BETA-LACTAM"	"OXA-85 family oxacillin-hydrolyzing class D beta-lactamase"	"blaOXA"
"NF038183.1"	"BETA-LACTAM"	"BETA-LACTAM"	"OXA-919 family class D beta-lactamase"	"blaOXA"
"NF040532.1"	"BETA-LACTAM"	"BETA-LACTAM"	"OXA-9 family oxacillin-hydrolyzing class D beta-lactamase"	"blaOXA"
"NF000270.1"	"BETA-LACTAM"	"BETA-LACTAM"	"class D beta-lactamase"	"blaOXA"
"NF040784.1"	"BETA-LACTAM"	"CARBAPENEM"	"OXA-1090 family carbapenem-hydrolyzing class D beta-lactamase"	"blaOXA"
"NF000463.2"	"BETA-LACTAM"	"BETA-LACTAM"	"class D beta-lactamase"	"blaOXA"
"NF000271.2"	"BETA-LACTAM"	"CEPHALOSPORIN"	"OXY family extended-spectrum class A beta-lactamase"	"blaOXY"
"NF012156.1"	"BETA-LACTAM"	"BETA-LACTAM"	"class A beta-lactamase BlaP"	"blaP"
"NF033159.0"	"BETA-LACTAM"	"BETA-LACTAM"	"PAC family class C beta-lactamase"	"blaPAC"
"NF040472.1"	"BETA-LACTAM"	"CARBAPENEM"	"PAD family carbapenem-hydrolyzing class A beta-lactamase"	"blaPAD"
"NF040644.1"	"BETA-LACTAM"	"CARBAPENEM"	"PAM family subclass B3 metallo-beta-lactamase"	"blaPAM"
"NF033867.1"	"BETA-LACTAM"	"BETA-LACTAM"	"PAU family class A beta-lactamase"	"blaPAU"
"NF000422.6"	"BETA-LACTAM"	"CEPHALOSPORIN"	"PDC family class C beta-lactamase"	"blaPDC"
"NF000519.2"	"BETA-LACTAM"	"CEPHALOSPORIN"	"PDC variant family class C beta-lactamase"	"blaPDC"
"NF041143.1"	"BETA-LACTAM"	"BETA-LACTAM"	"PEN-A family class A beta-lactamase"	"blaPEN-A"
"NF041138.1"	"BETA-LACTAM"	"BETA-LACTAM"	"PEN-B family class A beta-lactamase"	"blaPEN-B"
"NF041253.1"	"BETA-LACTAM"	"BETA-LACTAM"	"PEN-N family class A beta-lactamase"	"blaPEN-N"
"NF000320.3"	"BETA-LACTAM"	"BETA-LACTAM"	"PEN family class A beta-lactamase, Bcc-type"	"blaPEN-bcc"
"NF000321.3"	"BETA-LACTAM"	"BETA-LACTAM"	"PEN family class A beta-lactamase, Bpc-type"	"blaPEN-bpc"
"NF000389.2"	"BETA-LACTAM"	"CEPHALOSPORIN"	"PER family extended-spectrum class A beta-lactamase"	"blaPER"
"NF038003.1"	"BETA-LACTAM"	"CARBAPENEM"	"PFM family subclass B2 metallo-beta-lactamase"	"blaPFM"
"NF040874.1"	"BETA-LACTAM"	"CARBAPENEM"	"PJM family subclass B3 metallo-beta-lactamase"	"blaPJM"
"NF038398.1"	"BETA-LACTAM"	"BETA-LACTAM"	"PLA family class A beta-lactamase"	"blaPLA"
"NF000414.2"	"BETA-LACTAM"	"CEPHALOSPORIN"	"PME family extended-spectrum class A beta-lactamase"	"blaPME"
"NF000438.2"	"BETA-LACTAM"	"CARBAPENEM"	"POM family subclass B3 metallo-beta-lactamase"	"blaPOM"
"NF038359.1"	"BETA-LACTAM"	"BETA-LACTAM"	"PRC family class C beta-lactamase"	"blaPRC"
"NF000480.2"	"BETA-LACTAM"	"BETA-LACTAM"	"PSE family carbenicillin-hydrolyzing class A beta-lactamase"	"blaPSE"
"NF033584.1"	"BETA-LACTAM"	"CARBAPENEM"	"PST family subclass B1 metallo-beta-lactamase"	"blaPST"
"NF033174.0"	"BETA-LACTAM"	"BETA-LACTAM"	"PSV family class A beta-lactamase"	"blaPSV"
"NF041665.1"	"BETA-LACTAM"	"BETA-LACTAM"	"PSZ family class C beta-lactamase"	"blaPSZ"
"NF033108.1"	"BETA-LACTAM"	"BETA-LACTAM"	"beta-lactam sensor/signal transducer BlaR1"	"blaR1"
"NF000326.1"	"BETA-LACTAM"	"BETA-LACTAM"	"BlaR1 family beta-lactam sensor/signal transducer"	"blaR1"
"NF040467.1"	"BETA-LACTAM"	"CEPHALOSPORIN"	"RAA family extended-spectrum beta-lactamase"	"blaRAA"
"NF041187.1"	"BETA-LACTAM"	"CARBAPENEM"	"RAD family carbapenem-hydrolyzing class D beta-lactamase"	"blaRAD"
"NF040934.1"	"BETA-LACTAM"	"CEPHALOSPORIN"	"RAHN family extended-spectrum class A beta-lactamase"	"blaRAHN"
"NF040609.1"	"BETA-LACTAM"	"CEPHALOSPORIN"	"RASA family extended-spectrum class A beta-lactamase"	"blaRASA"
"NF041445.1"	"BETA-LACTAM"	"CEPHALOSPORIN"	"RATA family class A beta-lactamase"	"blaRATA"
"NF033466.0"	"BETA-LACTAM"	"BETA-LACTAM"	"RCP family class A beta-lactamase"	"blaRCP"
"NF033575.1"	"BETA-LACTAM"	"BETA-LACTAM"	"RHO family class C beta-lactamase"	"blaRHO"
"NF033568.1"	"BETA-LACTAM"	"CEPHALOSPORIN"	"ROB family class A beta-lactamase"	"blaROB"
"NF000284.1"	"BETA-LACTAM"	"BETA-LACTAM"	"RTG family carbenicillin-hydrolyzing class A beta-lactamase"	"blaRTG"
"NF033204.1"	"BETA-LACTAM"	"BETA-LACTAM"	"RUB family broad-spectrum class A beta-lactamase"	"blaRUB"
"NF000327.2"	"BETA-LACTAM"	"BETA-LACTAM"	"SCO family class A beta-lactamase"	"blaSCO"
"NF000328.2"	"BETA-LACTAM"	"BETA-LACTAM"	"SED family class A beta-lactamase"	"blaSED"
"NF040547.1"	"BETA-LACTAM"	"CARBAPENEM"	"SFC family carbapenem-hydrolyzing class A beta-lactamase"	"blaSFC"
"NF038366.1"	"BETA-LACTAM"	"CEPHALOSPORIN"	"SFDC family class C beta-lactamase"	"blaSFDC"
"NF012224.1"	"BETA-LACTAM"	"CARBAPENEM"	"SFH family subclass B2 metallo-beta-lactamase"	"blaSFH"
"NF000512.2"	"BETA-LACTAM"	"BETA-LACTAM"	"SGM family class A beta-lactamase"	"blaSGM"
"NF000285.3"	"BETA-LACTAM"	"BETA-LACTAM"	"SHV family class A beta-lactamase"	"blaSHV"
"NF012143.0"	"BETA-LACTAM"	"BETA-LACTAM"	"SHV/LEN/OKP family class A beta-lactamase"	"blaSHV"
"NF000426.2"	"BETA-LACTAM"	"CARBAPENEM"	"SIM family subclass B1 metallo-beta-lactamase"	"blaSIM"
"NF000287.1"	"BETA-LACTAM"	"BETA-LACTAM"	"SMB-1 family subclass B3 metallo-beta-lactamase"	"blaSMB"
"NF012142.0"	"BETA-LACTAM"	"CARBAPENEM"	"SME family carbapenem-hydrolyzing class A beta-lactamase"	"blaSME"
"NF000459.2"	"BETA-LACTAM"	"CARBAPENEM"	"SPG-1 family subclass B3 metallo-beta-lactamase"	"blaSPG"
"NF012150.3"	"BETA-LACTAM"	"CARBAPENEM"	"SPM family subclass B1 metallo-beta-lactamase"	"blaSPM"
"NF041137.1"	"BETA-LACTAM"	"BETA-LACTAM"	"SPR family subclass B3 metallo-beta-lactamase"	"blaSPR"
"NF000423.2"	"BETA-LACTAM"	"CEPHALOSPORIN"	"SRT/SST family class C beta-lactamase"	"blaSRT"
"NF000531.2"	"BETA-LACTAM"	"BETA-LACTAM"	"TEM family class A beta-lactamase"	"blaTEM"
"NF038400.1"	"BETA-LACTAM"	"BETA-LACTAM"	"TER family class A beta-lactamase"	"blaTER"
"NF000440.2"	"BETA-LACTAM"	"CARBAPENEM"	"THIN family subclass B3 metallo-beta-lactamase"	"blaTHIN"
"NF000298.2"	"BETA-LACTAM"	"CEPHALOSPORIN"	"TLA family extended-spectrum class A beta-lactamase"	"blaTLA"
"NF000443.2"	"BETA-LACTAM"	"CARBAPENEM"	"TMB family subclass B1 metallo-beta-lactamase"	"blaTMB"
"NF033585.1"	"BETA-LACTAM"	"CARBAPENEM"	"TTU family subclass B1 metallo-beta-lactamase"	"blaTTU"
"NF000442.2"	"BETA-LACTAM"	"CARBAPENEM"	"TUS family subclass B1 metallo-beta-lactamase"	"blaTUS"
"NF000518.2"	"BETA-LACTAM"	"CARBAPENEM"	"VCC family carbapenem-hydrolyzing class A beta-lactamase"	"blaVCC"
"NF000390.2"	"BETA-LACTAM"	"CEPHALOSPORIN"	"VEB family extended-spectrum class A beta-lactamase"	"blaVEB"
"NF012100.0"	"BETA-LACTAM"	"CARBAPENEM"	"VIM family subclass B1 metallo-beta-lactamase"	"blaVIM"
"NF038184.1"	"BETA-LACTAM"	"CARBAPENEM"	"VMB family subclass B1 metallo-beta-lactamase"	"blaVMB"
"NF040860.1"	"BETA-LACTAM"	"CARBAPENEM"	"WUS family subclass B1 metallo-beta-lactamase"	"blaWUS"
"NF038166.1"	"BETA-LACTAM"	"CARBAPENEM"	"YEM family subclass B2 metallo-beta-lactamase"	"blaYEM"
"NF038089.1"	"BETA-LACTAM"	"CEPHALOSPORIN"	"YRC family class C beta-lactamase"	"blaYRC"
"NF033139.1"	"BETA-LACTAM"	"BETA-LACTAM"	"penicillin-hydrolyzing class A beta-lactamase BlaZ"	"blaZ"
"NF033140.0"	"BETA-LACTAM"	"BETA-LACTAM"	"mecC-type penicillin-hydrolyzing class A beta-lactamase BlaZ"	"blaZ"
"NF033156.1"	"BLEOMYCIN"	"BLEOMYCIN"	"BLMA family bleomycin binding protein"	"ble"
"NF012202.0"	"BLEOMYCIN"	"BLEOMYCIN"	"bleomycin binding protein Ble-MBL"	"ble"
"NF000028.1"	"BLEOMYCIN"	"BLEOMYCIN"	"BLMA family bleomycin binding protein"	"ble"
"NF000005.4"	"BLEOMYCIN"	"BLEOMYCIN"	"BLMT family bleomycin binding protein"	"ble"
"NF000489.1"	"BLEOMYCIN"	"BLEOMYCIN"	"phleomycin/bleomycin binding protein Ble-Sh"	"ble-Sh"
"NF000027.1"	"BLEOMYCIN"	"BLEOMYCIN"	"bleomycin binding protein"	"bleO"
"NF000483.1"	"BLEOMYCIN"	"BLEOMYCIN"	"bleomycin family antibiotic N-acetyltransferase BlmB"	"blmB"
"NF000166.1"	"MACROLIDE"	"MACROLIDE"	"ABC-F type ribosomal protection protein Car(A)"	"car(A)"
"NF000491.1"	"PHENICOL"	"CHLORAMPHENICOL"	"type A chloramphenicol O-acetyltransferase"	"catA"
"NF000490.1"	"PHENICOL"	"CHLORAMPHENICOL"	"type B chloramphenicol O-acetyltransferase"	"catB"
"NF033098.1"	"BETA-LACTAM"	"CEPHALOSPORIN"	"CblA family class A beta-lactamase"	"cblA"
"NF033102.1"	"BETA-LACTAM"	"CEPHALOSPORIN"	"CepA family extended-spectrum class A beta-lactamase"	"cepA"
"NF000322.2"	"BETA-LACTAM"	"CARBAPENEM"	"CfiA family subclass B1 metallo-beta-lactamase"	"cfiA"
"NF000424.3"	"LINCOSAMIDE/MACROLIDE/STREPTOGRAMIN"	"LINCOSAMIDE/MACROLIDE/STREPTOGRAMIN"	"Cfr family 23S rRNA (adenine(2503)-C(8))-methyltransferase"	"cfr"
"NF033100.1"	"BETA-LACTAM"	"BETA-LACTAM"	"CfxA family broad-spectrum class A beta-lactamase"	"cfxA"
"NF000488.1"	"MACROLIDE"	"MACROLIDE"	"23S rRNA (guanine(748)-N(1))-methyltransferase ChrB"	"chrB"
"NF033606.1"			"heat shock survival AAA family ATPase ClpK"	"clpK"
"NF033134.0"	"PHENICOL"	"CHLORAMPHENICOL"	"CmlA/FloR family chloramphenicol efflux MFS transporter"	"cml"
"NF033135.1"	"PHENICOL"	"CHLORAMPHENICOL"	"Cmx/CmrA family chloramphenicol efflux MFS transporter"	"cml"
"NF000509.1"	"PHENICOL"	"CHLORAMPHENICOL"	"CmlA family chloramphenicol efflux MFS transporter"	"cmlA"
"NF012203.0"	"PHENICOL"	"CHLORAMPHENICOL"	"chloramphenicol efflux MFS transporter CmlB1"	"cmlB1"
"NF012199.0"	"PHENICOL"	"CHLORAMPHENICOL"	"chloramphenicol efflux MFS transporter CmlV"	"cmlV"
"NF000510.1"	"PHENICOL"	"CHLORAMPHENICOL"	"chloramphenicol efflux MFS transporter Cmx"	"cmx"
"NF033781.1"	"COPPER"	"COPPER"	"copper-binding metallochaperone CopP"	"copP"
"NF041268.1"	"TUBERACTINOMYCIN"	"CAPREOMYCIN/VIOMYCIN"	"capreomycin phosphotransferase"	"cph"
"NF000329.2"	"BETA-LACTAM"	"CARBAPENEM"	"CphA family subclass B2 metallo-beta-lactamase"	"cphA"
"NF043038.1"	"LINCOSAMIDE/PLEUROMUTILIN/STREPTOGRAMIN"	"CLINDAMYCIN/LINCOMYCIN/RETAPAMULIN/VIRGINIAMYCIN"	"ABC-F type ribosomal protection protein CplR"	"cplR"
"NF033114.1"	"PHENICOL"	"CHLORAMPHENICOL"	"chloramphenicol phosphotransferase CPT"	"cpt"
"NF000332.1"	"TRIMETHOPRIM"	"TRIMETHOPRIM"	"DfrD/DfrG/DfrK family trimethoprim-resistant dihydrofolate reductase"	"dfr"
"NF000008.1"	"TRIMETHOPRIM"	"TRIMETHOPRIM"	"trimethoprim-resistant repeat-containing dihydrofolate reductase DfrA1"	"dfrA"
"NF000330.1"	"TRIMETHOPRIM"	"TRIMETHOPRIM"	"trimethoprim-resistant dihydrofolate reductase DfrA"	"dfrA"
"NF000055.3"	"TRIMETHOPRIM"	"TRIMETHOPRIM"	"DfrA12/DfrA21 family trimethoprim-resistant dihydrofolate reductase"	"dfrA"
"NF000018.2"	"TRIMETHOPRIM"	"TRIMETHOPRIM"	"trimethoprim-resistant dihydrofolate reductase DfrA10"	"dfrA10"
"NF000053.2"	"TRIMETHOPRIM"	"TRIMETHOPRIM"	"trimethoprim-resistant dihydrofolate reductase DfrA12"	"dfrA12"
"NF000039.1"	"TRIMETHOPRIM"	"TRIMETHOPRIM"	"trimethoprim-resistant dihydrofolate reductase DfrA18"	"dfrA18"
"NF000041.1"	"TRIMETHOPRIM"	"TRIMETHOPRIM"	"trimethoprim-resistant dihydrofolate reductase DfrA19"	"dfrA19"
"NF000127.2"	"TRIMETHOPRIM"	"TRIMETHOPRIM"	"trimethoprim-resistant dihydrofolate reductase DfrA20"	"dfrA20"
"NF000134.2"	"TRIMETHOPRIM"	"TRIMETHOPRIM"	"trimethoprim-resistant dihydrofolate reductase DfrA23"	"dfrA23"
"NF000146.2"	"TRIMETHOPRIM"	"TRIMETHOPRIM"	"trimethoprim-resistant dihydrofolate reductase DfrA24"	"dfrA24"
"NF000006.2"	"TRIMETHOPRIM"	"TRIMETHOPRIM"	"trimethoprim-resistant dihydrofolate reductase DfrA26"	"dfrA26"
"NF000019.2"	"TRIMETHOPRIM"	"TRIMETHOPRIM"	"trimethoprim-resistant dihydrofolate reductase DfrA3"	"dfrA3"
"NF033851.1"	"TRIMETHOPRIM"	"TRIMETHOPRIM"	"trimethoprim-resistant dihydrofolate reductase DfrA35"	"dfrA35"
"NF033868.0"	"TRIMETHOPRIM"	"TRIMETHOPRIM"	"trimethoprim-resistant dihydrofolate reductase DfrA36"	"dfrA36"
"NF000065.1"	"TRIMETHOPRIM"	"TRIMETHOPRIM"	"trimethoprim-resistant dihydrofolate reductase DfrA3b"	"dfrA3b"
"NF000126.2"	"TRIMETHOPRIM"	"TRIMETHOPRIM"	"trimethoprim-resistant dihydrofolate reductase DfrA8"	"dfrA8"
"NF000109.2"	"TRIMETHOPRIM"	"TRIMETHOPRIM"	"trimethoprim-resistant dihydrofolate reductase DfrA9"	"dfrA9"
"NF000331.2"	"TRIMETHOPRIM"	"TRIMETHOPRIM"	"trimethoprim-resistant dihydrofolate reductase DfrB"	"dfrB"
"NF000159.1"	"TRIMETHOPRIM"	"TRIMETHOPRIM"	"trimethoprim-resistant dihydrofolate reductase DfrD"	"dfrD"
"NF040541.1"	"TRIMETHOPRIM"	"TRIMETHOPRIM"	"trimethoprim-resistant dihydrofolate reductase DfrE"	"dfrE"
"NF000333.1"	"TRIMETHOPRIM"	"TRIMETHOPRIM"	"trimethoprim-resistant dihydrofolate reductase DfrF"	"dfrF"
"NF000143.1"	"TRIMETHOPRIM"	"TRIMETHOPRIM"	"trimethoprim-resistant dihydrofolate reductase DfrG"	"dfrG"
"NF000012.1"	"TRIMETHOPRIM"	"TRIMETHOPRIM"	"trimethoprim-resistant dihydrofolate reductase DfrI"	"dfrI"
"NF041668.1"	"TRIMETHOPRIM"	"TRIMETHOPRIM"	"trimethoprim-resistant dihydrofolate reductase DfrL"	"dfrL"
"NF033639.1"	"INTIMIN"	"ALPHA"	"intimin type alpha"	"eae"
"NF033627.3"	"INTIMIN"	"INTIMIN"	"intimin"	"eae"
"NF042984.1"	"EFFLUX"	"EFFLUX"	"multidrug efflux SMR transporter EmrE"	"emrE"
"NF033398.1"	"AVILAMYCIN"	"AVILAMYCIN"	"EmtA family 23S rRNA (guanine(2470)) methyltransferase"	"emt"
"NF040678.1"			"enterotoxin EntFM"	"entFM"
"NF000208.1"	"MACROLIDE"	"ERYTHROMYCIN"	"EreA family erythromycin esterase"	"ere(A)"
"NF000209.1"	"MACROLIDE"	"AZITHROMYCIN/ERYTHROMYCIN"	"EreB family erythromycin esterase"	"ere(B)"
"NF000516.1"	"MACROLIDE"	"AZITHROMYCIN/ERYTHROMYCIN"	"EreD family erythromycin esterase"	"ere(D)"
"NF000499.1"	"MACROLIDE"	"MACROLIDE"	"23S ribosomal RNA methyltransferase Erm"	"erm"
"NF000337.1"	"MACROLIDE"	"MACROLIDE"	"ErmE/ErmH/ErmO/ErmR family 23S rRNA (adenine(2058)-N(6))-methyltransferase"	"erm"
"NF000133.1"	"LINCOSAMIDE/STREPTOGRAMIN"	"LINCOSAMIDE/STREPTOGRAMIN"	"23S rRNA (guanine(748)-N(1))-methyltransferase Erm(32)"	"erm(32)"
"NF000468.1"	"LINCOSAMIDE/MACROLIDE"	"AZITHROMYCIN/CLARITHROMYCIN/CLINDAMYCIN/ERYTHROMYCIN/TELITHROMYCIN"	"23S rRNA (adenine(2058)-N(6))-methyltransferase Erm(37)"	"erm(37)"
"NF012218.0"	"LINCOSAMIDE/MACROLIDE"	"CLARITHROMYCIN/CLINDAMYCIN/ERYTHROMYCIN"	"23S rRNA (adenine(2058)-N(6))-methyltransferase Erm(38)"	"erm(38)"
"NF000077.1"	"LINCOSAMIDE/MACROLIDE"	"CLINDAMYCIN/ERYTHROMYCIN"	"23S rRNA (adenine(2058)-N(6))-methyltransferase Erm(42)"	"erm(42)"
"NF000412.1"	"LINCOSAMIDE/MACROLIDE/STREPTOGRAMIN"	"CLINDAMYCIN/ERYTHROMYCIN/PRISTINAMYCIN"	"23S rRNA (adenine(2058)-N(6))-methyltransferase Erm(43)"	"erm(43)"
"NF000411.1"	"LINCOSAMIDE/MACROLIDE/STREPTOGRAMIN"	"CLINDAMYCIN/ERYTHROMYCIN/PRISTINAMYCIN"	"23S rRNA (adenine(2058)-N(6))-methyltransferase Erm(45)"	"erm(45)"
"NF042988.1"	"LINCOSAMIDE/MACROLIDE/STREPTOGRAMIN"	"AZITHROMYCIN/CLINDAMYCIN/ERYTHROMYCIN/STREPTOGRAMIN B/VIRGINIAMYCIN"	"23S rRNA (adenine(2058)-N(6))-methyltransferase Erm(46)"	"erm(46)"
"NF042938.1"	"MACROLIDE"	"CLARITHROMYCIN"	"23S rRNA (adenine(2058)-N(6))-methyltransferase Erm(55)"	"erm(55)"
"NF012222.1"	"LINCOSAMIDE/MACROLIDE"	"AZITHROMYCIN/CLARITHROMYCIN/CLINDAMYCIN/ERYTHROMYCIN/TELITHROMYCIN"	"23S rRNA (adenine(2058)-N(6))-methyltransferase Erm(A)"	"erm(A)"
"NF012220.1"	"LINCOSAMIDE/MACROLIDE/STREPTOGRAMIN"	"CLINDAMYCIN/ERYTHROMYCIN/STREPTOGRAMIN B"	"23S rRNA (adenine(2058)-N(6))-methyltransferase Erm(B)"	"erm(B)"
"NF012219.1"	"LINCOSAMIDE/MACROLIDE/STREPTOGRAMIN"	"CLINDAMYCIN/ERYTHROMYCIN/STREPTOGRAMIN B/TYLOSIN"	"23S rRNA (adenine(2058)-N(6))-methyltransferase Erm(C)"	"erm(C)"
"NF012223.0"	"LINCOSAMIDE/MACROLIDE/STREPTOGRAMIN"	"CLINDAMYCIN/MACROLIDE/STREPTOGRAMIN"	"23S rRNA (adenine(2058)-N(6))-methyltransferase Erm(F)"	"erm(F)"
"NF045543.1"	"LINCOSAMIDE/MACROLIDE/STREPTOGRAMIN"	"ERYTHROMYCIN/LINCOSAMIDE/STREPTOGRAMIN/TYLOSIN"	"23S rRNA (adenine(2058)-N(6))-methyltransferase Erm(G)"	"erm(G)"
"NF000087.1"	"LINCOSAMIDE/MACROLIDE/STREPTOGRAMIN"	"ERYTHROMYCIN/LINCOMYCIN/PRISTINAMYCIN/TYLOSIN"	"23S rRNA (adenine(2058)-N(6))-methyltransferase Erm(O)"	"erm(O)"
"NF000024.1"	"LINCOSAMIDE/MACROLIDE/STREPTOGRAMIN"	"CLINDAMYCIN/ERYTHROMYCIN/OSTREOGRYCIN/TYLOSIN"	"23S rRNA (adenine(2058)-N(6))-methyltransferase Erm(S)"	"erm(S)"
"NF000047.1"	"LINCOSAMIDE/MACROLIDE/STREPTOGRAMIN"	"CLINDAMYCIN/ERYTHROMYCIN/TYLOSIN/VERNAMYCIN B"	"23S rRNA (adenine(2058)-N(6))-methyltransferase Erm(V)"	"erm(V)"
"NF040807.1"			"type III secretion system LEE effector EspF"	"espF"
"NF033149.0"	"PHENICOL"	"CHLORAMPHENICOL/FLORFENICOL"	"chloramphenicol hydrolase"	"estDL136"
"NF041759.1"	"MACROLIDE"	"TYLOSIN"	"macrolide hydrolase EstT"	"estT"
"NF000218.1"	"PHENICOL"	"CHLORAMPHENICOL/FLORFENICOL"	"chloramphenicol/florfenicol efflux MFS transporter FexA"	"fexA"
"NF040856.1"	"PHENICOL"	"CHLORAMPHENICOL/FLORFENICOL"	"chloramphenicol/florfenicol efflux MFS transporter FexB"	"fexB"
"NF000219.1"	"PHENICOL"	"CHLORAMPHENICOL/FLORFENICOL"	"chloramphenicol/florfenicol efflux MFS transporter FloR"	"floR"
"NF000338.1"	"FOSFOMYCIN"	"FOSFOMYCIN"	"fosfomycin resistance kinase FomA"	"fomA"
"NF000361.1"	"FOSFOMYCIN"	"FOSFOMYCIN"	"FomB family phosphonate monophosphate kinase"	"fomB"
"NF000339.2"	"FOSFOMYCIN"	"FOSFOMYCIN"	"FosA family fosfomycin resistance glutathione transferase"	"fos"
"NF033405.1"	"FOSFOMYCIN"	"FOSFOMYCIN"	"fosfomycin resistance glutathione transferase FosLL"	"fos"
"NF000496.1"	"FOSFOMYCIN"	"FOSFOMYCIN"	"fosfomycin resistance glutathione transferase"	"fos"
"NF000125.1"	"FOSFOMYCIN"	"FOSFOMYCIN"	"Fos family putative thiol transferase"	"fos"
"NF040540.1"	"FOSFOMYCIN"	"FOSFOMYCIN"	"FosA5 family fosfomycin resistance glutathione transferase"	"fosA"
"NF000094.1"	"FOSFOMYCIN"	"FOSFOMYCIN"	"FosA family fosfomycin resistance glutathione transferase"	"fosA"
"NF000221.4"	"FOSFOMYCIN"	"FOSFOMYCIN"	"FosA family fosfomycin resistance glutathione transferase"	"fosA"
"NF000075.1"	"FOSFOMYCIN"	"FOSFOMYCIN"	"FosA3/FosA4 family fosfomycin resistance glutathione transferase"	"fosA"
"NF000026.1"	"FOSFOMYCIN"	"FOSFOMYCIN"	"FosA/FosA2 family fosfomycin resistance glutathione transferase"	"fosA"
"NF032892.0"	"FOSFOMYCIN"	"FOSFOMYCIN"	"FosA7 family fosfomycin resistance glutathione transferase"	"fosA7"
"NF033933.0"	"FOSFOMYCIN"	"FOSFOMYCIN"	"FosA8 family fosfomycin resistance glutathione transferase"	"fosA8"
"NF000098.1"	"FOSFOMYCIN"	"FOSFOMYCIN"	"FosB family fosfomycin resistance bacillithiol transferase"	"fosB"
"NF000085.1"	"FOSFOMYCIN"	"FOSFOMYCIN"	"FosB1/FosB3 family fosfomycin resistance bacillithiol transferase"	"fosB"
"NF000063.1"	"FOSFOMYCIN"	"FOSFOMYCIN"	"FosB family fosfomycin resistance bacillithiol transferase"	"fosB"
"NF000493.1"	"FOSFOMYCIN"	"FOSFOMYCIN"	"FosB/FosD family fosfomycin resistance bacillithiol transferase"	"fosB"
"NF041541.1"	"FOSFOMYCIN"	"FOSFOMYCIN"	"FosBx1 family fosfomycin resistance bacillithiol transferase"	"fosB"
"NF000122.1"	"FOSFOMYCIN"	"FOSFOMYCIN"	"fosfomycin resistance kinase FosC"	"fosC"
"NF000074.1"	"FOSFOMYCIN"	"FOSFOMYCIN"	"FosC2 family fosfomycin resistance glutathione transferase"	"fosC2"
"NF000494.1"	"FOSFOMYCIN"	"FOSFOMYCIN"	"fosfomycin resistance glutathione transferase FosF"	"fosF"
"NF000467.1"	"FOSFOMYCIN"	"FOSFOMYCIN"	"FosG family fosfomycin resistance glutathione transferase"	"fosG"
"NF000495.1"	"FOSFOMYCIN"	"FOSFOMYCIN"	"fosfomycin resistance glutathione transferase FosK"	"fosK"
"NF038306.1"	"FOSFOMYCIN"	"FOSFOMYCIN"	"FosM family fosfomycin resistance protein"	"fosM"
"NF038311.1"	"FOSFOMYCIN"	"FOSFOMYCIN"	"FosU family fosfomycin resistance glutathione transferase"	"fosU"
"NF000222.1"	"FOSFOMYCIN"	"FOSFOMYCIN"	"FosX/FosE/FosI family fosfomycin resistance hydrolase"	"fosX"
"NF041542.1"	"FOSFOMYCIN"	"FOSFOMYCIN"	"fosfomycin resistance hydrolase FosXCC"	"fosXCC"
"NF040802.1"	"FOSFOMYCIN"	"FOSFOMYCIN"	"fosfomycin resistance bacillithiol transferase FosY"	"fosY"
"NF000340.1"	"FUSIDIC ACID"	"FUSIDIC ACID"	"FusB family fusidic acid resistance EF-G-binding protein"	"fusB"
"NF000341.1"	"FUSIDIC ACID"	"FUSIDIC ACID"	"FusC family fusidic acid resistance EF-G-binding protein"	"fusC"
"NF000460.1"	"FUSIDIC ACID"	"FUSIDIC ACID"	"FusD family fusidic acid resistance EF-G-binding protein"	"fusD"
"NF000503.1"	"FUSIDIC ACID"	"FUSIDIC ACID"	"fusidic acid resistance EF-G-binding protein FusF"	"fusF"
"NF000157.1"	"FUSIDIC ACID"	"FUSIDIC ACID"	"fusidic acid esterase FusH"	"fusH"
"NF038208.1"	"AMINOGLYCOSIDE"	"GENTAMICIN"	"Gar/GrdA family gentamicin resistance ATP-binding protein"	"gar"
"NF041254.1"	"RIFAMYCIN"	"RIFAMYCIN"	"RNA polymerase recycling motor ATPase HelR"	"helR"
"NF000343.1"	"RIFAMYCIN"	"RIFAMPIN"	"rifampin monooxygenase Iri"	"iri"
"NF000363.1"	"AMINOGLYCOSIDE"	"AMINOGLYCOSIDE"	"16S rRNA (adenine(1408)-N(1))-methyltransferase KamB"	"kamB"
"NF000236.1"	"LINCOSAMIDE"	"LINCOSAMIDE"	"lincosamide nucleotidyltransferase Lnu(A)"	"lnu(A)"
"NF000153.1"	"LINCOSAMIDE"	"LINCOSAMIDE"	"lincosamide nucleotidyltransferase Lnu(AN2)"	"lnu(AN2)"
"NF000235.3"	"LINCOSAMIDE"	"LINCOSAMIDE"	"lincosamide nucleotidyltransferase Lnu(B)"	"lnu(B)"
"NF000141.1"	"LINCOSAMIDE"	"LINCOSAMIDE"	"lincosamide nucleotidyltransferase Lnu(C)"	"lnu(C)"
"NF000017.1"	"LINCOSAMIDE"	"LINCOSAMIDE"	"lincosamide nucleotidyltransferase Lnu(D)"	"lnu(D)"
"NF000478.2"	"LINCOSAMIDE"	"LINCOSAMIDE"	"lincosamide nucleotidyltransferase Lnu(E)"	"lnu(E)"
"NF000119.1"	"LINCOSAMIDE"	"LINCOSAMIDE"	"lincosamide nucleotidyltransferase Lnu(F)"	"lnu(F)"
"NF033182.0"	"LINCOSAMIDE"	"LINCOSAMIDE"	"lincosamide nucleotidyltransferase Lnu(G)"	"lnu(G)"
"NF040958.1"	"LINCOSAMIDE"	"LINCOSAMIDE"	"lincosamide nucleotidyltransferase Lnu(H)"	"lnu(H)"
"NF000061.1"	"LINCOSAMIDE"	"LINCOSAMIDE"	"lincosamide nucleotidyltransferase Lnu(P)"	"lnu(P)"
"NF000167.1"	"LINCOSAMIDE/STREPTOGRAMIN"	"LINCOSAMIDE/STREPTOGRAMIN"	"Lsa family ABC-F type ribosomal protection protein"	"lsa"
"NF000465.1"	"COLISTIN"	"COLISTIN"	"MCR-1 family phosphoethanolamine--lipid A transferase"	"mcr-1"
"NF033862.2"	"COLISTIN"	"COLISTIN"	"MCR-10 family phosphoethanolamine--lipid A transferase"	"mcr-10"
"NF012159.0"	"COLISTIN"	"COLISTIN"	"MCR-2 family phosphoethanolamine--lipid A transferase"	"mcr-2"
"NF033408.5"	"COLISTIN"	"COLISTIN"	"MCR-3 family phosphoethanolamine--lipid A transferase"	"mcr-3"
"NF033409.0"	"COLISTIN"	"COLISTIN"	"MCR-3-related phosphoethanolamine--lipid A transferase"	"mcr-3"
"NF033462.1"	"COLISTIN"	"COLISTIN"	"MCR-4 family phosphoethanolamine--lipid A transferase"	"mcr-4"
"NF033463.1"	"COLISTIN"	"COLISTIN"	"MCR-5 family phosphoethanolamine--lipid A transferase"	"mcr-5"
"NF033670.1"	"COLISTIN"	"COLISTIN"	"MCR-6 family phosphoethanolamine--lipid A transferase"	"mcr-6"
"NF033671.1"	"COLISTIN"	"COLISTIN"	"MCR-7 family phosphoethanolamine--lipid A transferase"	"mcr-7"
"NF033669.1"	"COLISTIN"	"COLISTIN"	"MCR-8 family phosphoethanolamine--lipid A transferase"	"mcr-8"
"NF033836.1"	"COLISTIN"	"COLISTIN"	"MCR-9 family phosphoethanolamine--lipid A transferase"	"mcr-9"
"NF000237.1"	"BETA-LACTAM"	"METHICILLIN"	"PBP2a family beta-lactam-resistant peptidoglycan transpeptidase"	"mec"
"NF000409.1"	"BETA-LACTAM"	"METHICILLIN"	"PBP2a family beta-lactam-resistant peptidoglycan transpeptidase MecA"	"mecA"
"NF000410.1"	"BETA-LACTAM"	"METHICILLIN"	"PBP2a family beta-lactam-resistant peptidoglycan transpeptidase MecA1"	"mecA1"
"NF000408.1"	"BETA-LACTAM"	"METHICILLIN"	"PBP2a family beta-lactam-resistant peptidoglycan transpeptidase MecA2"	"mecA2"
"NF000406.1"	"BETA-LACTAM"	"METHICILLIN"	"PBP2a family beta-lactam-resistant peptidoglycan transpeptidase MecB"	"mecB"
"NF000407.1"	"BETA-LACTAM"	"METHICILLIN"	"PBP2a family beta-lactam-resistant peptidoglycan transpeptidase MecC"	"mecC"
"NF033378.1"	"BETA-LACTAM"	"METHICILLIN"	"PBP2a family beta-lactam-resistant peptidoglycan transpeptidase MecD"	"mecD"
"NF000243.1"	"BETA-LACTAM"	"METHICILLIN"	"mecA-type methicillin resistance repressor MecI"	"mecI"
"NF000244.1"	"BETA-LACTAM"	"METHICILLIN"	"mecC-type methicillin resistance repressor MecI"	"mecI"
"NF033109.1"	"BETA-LACTAM"	"METHICILLIN"	"beta-lactam sensor/signal transducer MecR1"	"mecR1"
"NF000245.1"	"MACROLIDE"	"AZITHROMYCIN/ERYTHROMYCIN"	"macrolide efflux MFS transporter Mef(A)"	"mef(A)"
"NF000051.1"	"MACROLIDE"	"AZITHROMYCIN/ERYTHROMYCIN"	"macrolide efflux MFS transporter Mef(B)"	"mef(B)"
"NF000246.1"	"MACROLIDE"	"ERYTHROMYCIN"	"macrolide efflux MFS transporter Mef(C)"	"mef(C)"
"NF000154.1"	"MACROLIDE"	"MACROLIDE"	"macrolide efflux MFS transporter Mef(En2)"	"mef(En2)"
"NF000131.1"	"TETRACYCLINE"	"TIGECYCLINE"	"multidrug efflux MATE transporter MepA"	"mepA"
"TIGR02053.1"	"MERCURY"	"MERCURY"	"mercury(II) reductase"	"merA"
"NF033555.1"	"MERCURY"	"ORGANOMERCURY"	"organomercurial lyase MerB"	"merB"
"NF033784.1"	"MERCURY"	"ORGANOMERCURY"	"organomercurial transporter MerC"	"merC"
"NF033783.1"	"MERCURY"	"MERCURY"	"mercury resistance co-regulator MerD"	"merD"
"NF010310.2"	"MERCURY"	"MERCURY"	"broad-spectrum mercury transporter MerE"	"merE"
"NF033565.0"	"MERCURY"	"MERCURY"	"mercury resistance system transport protein MerF"	"merF"
"NF033786.1"	"MERCURY"	"PHENYLMERCURY"	"phenylmercury resistance protein MerG"	"merG"
"TIGR02052.1"	"MERCURY"	"MERCURY"	"mercury resistance system periplasmic binding protein MerP"	"merP"
"NF010315.0"	"MERCURY"	"MERCURY"	"Hg(II)-responsive transcriptional regulator"	"merR"
"NF033560.1"	"MERCURY"	"MERCURY"	"mercuric transport protein MerT"	"merT"
"NF033834.1"	"EFFLUX"	"EFFLUX"	"multidrug efflux RND transporter periplasmic adaptor subunit MexA"	"mexA"
"NF000249.1"	"EFFLUX"	"EFFLUX"	"MexE family multidrug efflux RND transporter periplasmic adaptor subunit"	"mexE"
"NF033129.1"	"MACROLIDE"	"ERYTHROMYCIN/TYLOSIN"	"macrolide-inactivating glycosyltransferase"	"mgt"
"NF000241.1"	"MACROLIDE"	"MACROLIDE"	"Mph(E)/Mph(G) family macrolide 2'-phosphotransferase"	"mph"
"NF000254.1"	"MACROLIDE"	"AZITHROMYCIN/ERYTHROMYCIN/SPIRAMYCIN/TELITHROMYCIN"	"Mph(A) family macrolide 2'-phosphotransferase"	"mph(A)"
"NF000242.2"	"MACROLIDE"	"ERYTHROMYCIN/SPIRAMYCIN/TELITHROMYCIN"	"Mph(B) family macrolide 2'-phosphotransferase"	"mph(B)"
"NF000240.1"	"MACROLIDE"	"ERYTHROMYCIN/SPIRAMYCIN/TELITHROMYCIN"	"Mph(C) family macrolide 2'-phosphotransferase"	"mph(C)"
"NF012158.1"	"MACROLIDE"	"ERYTHROMYCIN"	"Mph(E) family macrolide 2'-phosphotransferase"	"mph(E)"
"NF000255.1"	"MACROLIDE"	"ERYTHROMYCIN"	"Mph(F) family macrolide 2'-phosphotransferase"	"mph(F)"
"NF038057.1"	"MACROLIDE"	"MACROLIDE"	"macrolide 2'-phosphotransferase MphL"	"mphL"
"NF038056.1"	"MACROLIDE"	"MACROLIDE"	"macrolide 2'-phosphotransferase MphM"	"mphM"
"NF000168.1"	"MACROLIDE"	"MACROLIDE"	"Msr family ABC-F type ribosomal protection protein"	"msr"
"NF000256.1"	"MACROLIDE/STREPTOGRAMIN"	"ERYTHROMYCIN/STREPTOGRAMIN B"	"ABC-F type ribosomal protection protein Msr(A)"	"msr(A)"
"NF000257.1"	"MUPIROCIN"	"MUPIROCIN"	"mupirocin-resistant isoleucine--tRNA ligase MupA"	"mupA"
"NF000258.1"	"MUPIROCIN"	"MUPIROCIN"	"mupirocin-resistant isoleucine--tRNA ligase MupB"	"mupB"
"NF000476.1"	"MACROLIDE"	"TYLOSIN"	"23S rRNA (guanine(748)-N(1))-methyltransferase MyrA"	"myrA"
"NF000261.1"	"NITROIMIDAZOLE"	"NITROIMIDAZOLE"	"NimABCDEF family 5-nitroimidazole reductase"	"nim"
"NF000262.1"	"NITROIMIDAZOLE"	"NITROIMIDAZOLE"	"NimIJ family nitroimidazole resistance protein"	"nimIJ"
"NF000263.1"	"EFFLUX"	"EFFLUX"	"multidrug efflux MATE transporter NorM"	"norM"
"NF000030.1"	"AMINOGLYCOSIDE"	"AMINOGLYCOSIDE"	"16S rRNA (adenine(1408)-N(1))-methyltransferase NpmA"	"npmA"
"NF040634.1"	"AMINOGLYCOSIDE"	"AMINOGLYCOSIDE"	"16S rRNA (adenine(1408)-N(1))-methyltransferase NpmB"	"npmB"
"NF000035.1"	"THIOSTREPTON"	"THIOSTREPTON"	"NshR family nosiheptide/thiostrepton resistance 23S rRNA methyltransferase"	"nshR"
"NF000477.1"	"THIOSTREPTON"	"THIOSTREPTON"	"NshR/TsnR family 23S rRNA methyltransferase"	"nshR"
"NF000362.1"	"MACROLIDE"	"OLEANDOMYCIN"	"OleI family self-immunity macrolide glycosyltransferase"	"oleI"
"NF000514.1"	"PHENICOL/OXAZOLIDINONE"	"FLORFENICOL/OXAZOLIDINONE"	"ABC-F type ribosomal protection protein OptrA"	"optrA"
"NF000272.1"	"PHENICOL/QUINOLONE"	"PHENICOL/QUINOLONE"	"multidrug efflux RND transporter periplasmic adaptor subunit OqxA"	"oqxA"
"NF000037.1"	"PHENICOL/QUINOLONE"	"PHENICOL/QUINOLONE"	"multidrug efflux RND transporter permease subunit OqxB"	"oqxB"
"NF000120.3"	"TETRACYCLINE"	"TETRACYCLINE"	"tetracycline resistance ribosomal protection protein Otr(A)"	"otr(A)"
"NF000095.1"	"TETRACYCLINE"	"TETRACYCLINE"	"oxytetracycline resistance efflux MFS transporter OtrB"	"otr(B)"
"NF000072.1"	"PHENICOL"	"PHENICOL"	"phenicol efflux MFS transporter PexA"	"pexA"
"NF000089.1"	"QUATERNARY AMMONIUM"	"QUATERNARY AMMONIUM"	"QacA/B family quaternary ammonium compound efflux MFS transporter"	"qac"
"NF033137.0"	"QUATERNARY AMMONIUM"	"QUATERNARY AMMONIUM"	"Qac family quaternary ammonium compound efflux SMR transporter"	"qac"
"NF000148.1"	"QUATERNARY AMMONIUM"	"QUATERNARY AMMONIUM"	"Qac-pB8 family quaternary ammonium compound efflux SMR transporter"	"qac"
"NF000384.1"	"QUATERNARY AMMONIUM"	"QUATERNARY AMMONIUM"	"QacCGHJ group quaternary ammonium compound efflux SMR transporter"	"qac"
"NF000067.2"	"QUATERNARY AMMONIUM"	"QUATERNARY AMMONIUM"	"quaternary ammonium compound efflux SMR transporter QacL"	"qac"
"NF000023.1"	"QUATERNARY AMMONIUM"	"QUATERNARY AMMONIUM"	"quaternary ammonium compound efflux SMR transporter QacC"	"qacC"
"NF000276.2"	"QUATERNARY AMMONIUM"	"QUATERNARY AMMONIUM"	"quaternary ammonium compound efflux SMR transporter QacE"	"qacE"
"NF000277.1"	"QUATERNARY AMMONIUM"	"QUATERNARY AMMONIUM"	"quaternary ammonium compound efflux SMR transporter QacG"	"qacG"
"NF000278.1"	"QUATERNARY AMMONIUM"	"QUATERNARY AMMONIUM"	"quaternary ammonium compound efflux SMR transporter QacG2"	"qacG2"
"NF000279.1"	"QUATERNARY AMMONIUM"	"QUATERNARY AMMONIUM"	"quaternary ammonium compound efflux SMR transporter QacH"	"qacH"
"NF012170.0"	"QUATERNARY AMMONIUM"	"QUATERNARY AMMONIUM"	"quaternary ammonium compound efflux SMR transporter QacJ"	"qacJ"
"NF033136.1"	"QUATERNARY AMMONIUM"	"QUATERNARY AMMONIUM"	"quaternary ammonium compound efflux SMR transporter QacK"	"qacK"
"NF012169.0"	"QUINOLONE"	"QUINOLONE"	"fluoroquinolone efflux MFS transporter QepA"	"qepA"
"NF000071.4"	"QUINOLONE"	"QUINOLONE"	"QnrA family quinolone resistance pentapeptide repeat protein"	"qnrA"
"NF012151.0"	"QUINOLONE"	"QUINOLONE"	"QnrAS family quinolone resistance pentapeptide repeat protein"	"qnrAS"
"NF000420.1"	"QUINOLONE"	"QUINOLONE"	"QnrB family quinolone resistance pentapeptide repeat protein"	"qnrB"
"NF012152.0"	"QUINOLONE"	"QUINOLONE"	"QnrC family quinolone resistance pentapeptide repeat protein"	"qnrC"
"NF000139.2"	"QUINOLONE"	"QUINOLONE"	"QnrD family quinolone resistance pentapeptide repeat protein"	"qnrD"
"NF033375.2"	"QUINOLONE"	"QUINOLONE"	"QnrE family quinolone resistance pentapeptide repeat protein"	"qnrE"
"NF000056.3"	"QUINOLONE"	"QUINOLONE"	"QnrS family quinolone resistance pentapeptide repeat protein"	"qnrS"
"NF000421.1"	"QUINOLONE"	"QUINOLONE"	"QnrVC family quinolone resistance pentapeptide repeat protein"	"qnrVC"
"NF000354.1"	"RIFAMYCIN"	"RIFAMYCIN"	"rifamycin-inactivating glycosyltransferase Rgt"	"rgt"
"NF000466.2"	"AMINOGLYCOSIDE"	"AMINOGLYCOSIDE"	"Rmt family 16S rRNA (guanine(1405)-N(7))-methyltransferase"	"rmt"
"NF033209.1"	"AMINOGLYCOSIDE"	"AMINOGLYCOSIDE"	"RmtB family 16S rRNA (guanine(1405)-N(7))-methyltransferase"	"rmtB"
"NF000150.1"	"AMINOGLYCOSIDE"	"AMINOGLYCOSIDE"	"RmtC family 16S rRNA (guanine(1405)-N(7))-methyltransferase"	"rmtC"
"NF000007.1"	"AMINOGLYCOSIDE"	"AMINOGLYCOSIDE"	"RmtD family 16S rRNA (guanine(1405)-N(7))-methyltransferase"	"rmtD"
"NF000069.1"	"AMINOGLYCOSIDE"	"AMINOGLYCOSIDE"	"RmtE family 16S rRNA (guanine(1405)-N(7))-methyltransferase"	"rmtE"
"NF000113.1"	"AMINOGLYCOSIDE"	"AMINOGLYCOSIDE"	"RmtF family 16S rRNA (guanine(1405)-N(7))-methyltransferase"	"rmtF"
"NF000114.1"	"AMINOGLYCOSIDE"	"AMINOGLYCOSIDE"	"RmtG family 16S rRNA (guanine(1405)-N(7))-methyltransferase"	"rmtG"
"NF000116.1"	"AMINOGLYCOSIDE"	"AMINOGLYCOSIDE"	"RmtH family 16S rRNA (guanine(1405)-N(7))-methyltransferase"	"rmtH"
"NF033145.1"	"RIFAMYCIN"	"RIFAMPIN"	"rifampin monooxygenase"	"rox"
"NF000283.1"	"RIFAMYCIN"	"RIFAMYCIN"	"rifamycin-inactivating phosphotransferase Rph"	"rph"
"NF000169.2"	"LINCOSAMIDE/PLEUROMUTILIN/STREPTOGRAMIN"	"LINCOSAMIDE/PLEUROMUTILIN/STREPTOGRAMIN"	"Sal family ABC-F type ribosomal protection protein"	"sal"
"NF000358.1"	"STREPTOTHRICIN"	"STREPTOTHRICIN"	"streptothricin N-acetyltransferase Sat2"	"sat2"
"NF000359.1"	"STREPTOTHRICIN"	"STREPTOTHRICIN"	"streptothricin N-acetyltransferase Sat3"	"sat3"
"NF000360.1"	"STREPTOTHRICIN"	"STREPTOTHRICIN"	"streptothricin N-acetyltransferase Sat4"	"sat4"
"NF033423.1"			"intimin-like inverse autotransporter SinH"	"sinH"
"NF000280.1"	"QUATERNARY AMMONIUM"	"QUATERNARY AMMONIUM"	"multidrug efflux SMR transporter Smr"	"smr"
"NF037973.1"			"lipoprotein metalloprotease SslE"	"sslE"
"NF000487.1"	"STREPTOTHRICIN"	"STREPTOTHRICIN"	"streptothricin N-acetyltransferase STAT"	"sta"
"NF000062.1"	"AMINOGLYCOSIDE"	"STREPTOMYCIN"	"streptomycin adenylyltransferase Str"	"str"
"NF033658.1"	"STX1"	"STX1"	"Shiga toxin Stx1 subunit A"	"stxA1"
"NF041694.1"	"STX1"	"STX1A"	"Shiga toxin Stx1a subunit A"	"stxA1a"
"NF041693.1"	"STX1"	"STX1C"	"Shiga toxin Stx1c subunit A"	"stxA1c"
"NF041695.1"	"STX1"	"STX1D"	"Shiga toxin Stx1d subunit A"	"stxA1d"
"NF041696.1"	"STX1"	"STX1E"	"Shiga toxin Stx1e subunit A"	"stxA1e"
"NF033661.1"	"STX2"	"STX2"	"Shiga toxin Stx2 subunit A"	"stxA2"
"NF041702.1"	"STX2"	"STX2"	"Shiga toxin Stx2 subunit A, a/c/d subtype"	"stxA2"
"NF041703.1"	"STX2"	"STX2"	"Shiga toxin Stx2 subunit A, e/i/l/k subtype"	"stxA2"
"NF041688.1"	"STX2"	"STX2B"	"Shiga toxin Stx2b subunit A"	"stxA2b"
"NF041687.1"	"STX2"	"STX2F"	"Shiga toxin Stx2f subunit A"	"stxA2f"
"NF041690.1"	"STX2"	"STX2G"	"Shiga toxin Stx2g subunit A"	"stxA2g"
"NF041689.1"	"STX2"	"STX2J"	"Shiga toxin Stx2j subunit A"	"stxA2j"
"NF033659.0"	"STX1"	"STX1"	"Shiga toxin Stx1 subunit B"	"stxB1"
"NF041697.1"	"STX1"	"STX1A"	"Shiga toxin Stx1a subunit B"	"stxB1a"
"NF041698.1"	"STX1"	"STX1C"	"Shiga toxin Stx1c subunit B"	"stxB1c"
"NF041699.1"	"STX1"	"STX1D"	"Shiga toxin Stx1d subunit B"	"stxB1d"
"NF041700.1"	"STX1"	"STX1E"	"Shiga toxin Stx1e subunit B"	"stxB1e"
"NF033660.0"	"STX2"	"STX2"	"Shiga toxin Stx2 subunit B"	"stxB2"
"NF041691.1"	"STX2"	"STX2B"	"Shiga toxin Stx2b subunit B"	"stxB2b"
"NF041704.1"	"STX2"	"STX2E"	"Shiga toxin Stx2e subunit B"	"stxB2e"
"NF041692.1"	"STX2"	"STX2F"	"Shiga toxin Stx2f subunit B"	"stxB2f"
"NF041701.1"	"STX2"	"STX2O"	"Shiga toxin Stx2o subunit B"	"stxB2o"
"NF000294.1"	"SULFONAMIDE"	"SULFONAMIDE"	"sulfonamide-resistant dihydropteroate synthase Sul1"	"sul1"
"NF000295.1"	"SULFONAMIDE"	"SULFONAMIDE"	"sulfonamide-resistant dihydropteroate synthase Sul2"	"sul2"
"NF000296.1"	"SULFONAMIDE"	"SULFONAMIDE"	"sulfonamide-resistant dihydropteroate synthase Sul3"	"sul3"
"NF033502.0"	"SULFONAMIDE"	"SULFONAMIDE"	"sulfonamide-resistant dihydropteroate synthase Sul4"	"sul4"
"NF000025.1"	"TETRACENOMYCIN"	"TETRACENOMYCIN"	"tetracenomycin C efflux MFS transporter"	"tcmA"
"NF000009.1"	"TETRACYCLINE"	"TETRACYCLINE"	"tetracycline efflux MFS transporter Tcr3"	"tcr3"
"NF033148.1"	"TETRACYCLINE"	"TETRACYCLINE"	"TetM/TetW/TetO/TetS family tetracycline resistance ribosomal protection protein"	"tet"
"NF012174.0"	"TETRACYCLINE"	"TETRACYCLINE"	"Tet(A)/Tet(B)/Tet(C) family tetracycline efflux MFS transporter"	"tet"
"NF012175.1"	"TETRACYCLINE"	"TETRACYCLINE"	"Tet(L)/Tet(K)/Tet(45) family tetracycline efflux MFS transporter"	"tet"
"NF033476.1"	"TETRACYCLINE"	"TETRACYCLINE"	"tetracycline destructase"	"tet"
"NF012153.1"	"TETRACYCLINE"	"TETRACYCLINE"	"tetracycline resistance ribosomal protection protein"	"tet"
"NF045486.1"	"TETRACYCLINE"	"TETRACYCLINE"	"tetracycline efflux MFS transporter Tet(30)"	"tet(30)"
"NF000014.1"	"TETRACYCLINE"	"TETRACYCLINE"	"oxytetracycline resistance phosphoribosyltransferase domain-containing protein Tet(34)"	"tet(34)"
"NF000013.1"	"TETRACYCLINE"	"TETRACYCLINE"	"tetracycline efflux Na+/H+ antiporter family transporter Tet(35)"	"tet(35)"
"NF000059.1"	"TETRACYCLINE"	"TETRACYCLINE"	"tetracycline resistance NADPH-dependent oxidoreductase Tet(37)"	"tet(37)"
"NF012176.0"	"TETRACYCLINE"	"TETRACYCLINE"	"tetracycline efflux MFS transporter Tet(38)"	"tet(38)"
"NF000049.1"	"TETRACYCLINE"	"TETRACYCLINE"	"tetracycline efflux MFS transporter Tet(40)"	"tet(40)"
"NF012177.1"	"TETRACYCLINE"	"TETRACYCLINE"	"tetracycline efflux MFS transporter Tet(42)"	"tet(42)"
"NF012180.1"	"TETRACYCLINE"	"TETRACYCLINE"	"tetracycline efflux MFS transporter Tet(43)"	"tet(43)"
"NF012184.0"	"TETRACYCLINE"	"TETRACYCLINE"	"tetracycline efflux MFS transporter Tet(45)"	"tet(45)"
"NF045488.1"	"TETRACYCLINE"	"TETRACYCLINE"	"tetracycline efflux MFS transporter Tet(62)"	"tet(62)"
"NF012193.0"	"TETRACYCLINE"	"TETRACYCLINE"	"tetracycline efflux MFS transporter Tet(A)"	"tet(A)"
"NF012190.1"	"TETRACYCLINE"	"TETRACYCLINE"	"tetracycline efflux MFS transporter Tet(B)"	"tet(B)"
"NF012191.0"	"TETRACYCLINE"	"TETRACYCLINE"	"tetracycline efflux MFS transporter Tet(C)"	"tet(C)"
"NF012186.0"	"TETRACYCLINE"	"TETRACYCLINE"	"tetracycline efflux MFS transporter Tet(D)"	"tet(D)"
"NF012187.0"	"TETRACYCLINE"	"TETRACYCLINE"	"tetracycline efflux MFS transporter Tet(E)"	"tet(E)"
"NF012192.0"	"TETRACYCLINE"	"TETRACYCLINE"	"tetracycline efflux MFS transporter Tet(G)"	"tet(G)"
"NF012195.0"	"TETRACYCLINE"	"TETRACYCLINE"	"tetracycline efflux MFS transporter Tet(H)"	"tet(H)"
"NF012207.0"	"TETRACYCLINE"	"TETRACYCLINE"	"Tet(H)/Tet(J) family tetracycline efflux MFS transporter"	"tet(H-J)"
"NF012194.0"	"TETRACYCLINE"	"TETRACYCLINE"	"tetracycline efflux MFS transporter Tet(J)"	"tet(J)"
"NF012183.0"	"TETRACYCLINE"	"TETRACYCLINE"	"tetracycline efflux MFS transporter Tet(K)"	"tet(K)"
"NF012185.0"	"TETRACYCLINE"	"TETRACYCLINE"	"tetracycline efflux MFS transporter Tet(L)"	"tet(L)"
"NF012155.1"	"TETRACYCLINE"	"TETRACYCLINE"	"tetracycline resistance ribosomal protection protein Tet(M)"	"tet(M)"
"NF012154.0"	"TETRACYCLINE"	"TETRACYCLINE"	"tetracycline resistance ribosomal protection protein Tet(Q)"	"tet(Q)"
"NF012178.0"	"TETRACYCLINE"	"TETRACYCLINE"	"tetracycline efflux MFS transporter Tet(V)"	"tet(V)"
"NF033111.2"	"TETRACYCLINE"	"TETRACYCLINE"	"tetracycline-inactivating monooxygenase Tet(X)"	"tet(X)"
"NF012188.1"	"TETRACYCLINE"	"TETRACYCLINE"	"tetracycline efflux MFS transporter Tet(Y)"	"tet(Y)"
"NF000506.1"	"TETRACYCLINE"	"TETRACYCLINE"	"tetracycline efflux ABC transporter TetAB subunit A"	"tetA"
"NF000474.1"	"TETRACYCLINE"	"TETRACYCLINE"	"tetracycline efflux ABC transporter Tet(46) subunit A"	"tetA(46)"
"NF000043.1"	"TETRACYCLINE"	"TETRACYCLINE"	"tetracycline efflux MFS transporter TetA(P)"	"tetA(P)"
"NF000103.1"	"TETRACYCLINE"	"TETRACYCLINE"	"tetracycline efflux ABC transporter TetAB subunit B"	"tetB"
"NF000475.1"	"TETRACYCLINE"	"TETRACYCLINE"	"tetracycline efflux ABC transporter Tet(46) subunit B"	"tetB(46)"
"NF033637.1"			"type III secretion system LEE translocated intimin receptor Tir"	"tir"
"NF000485.1"	"BLEOMYCIN"	"BLEOMYCIN"	"bleomycin family antibiotic N-acetyltransferase TlmB"	"tlmB"
"NF012217.1"	"GLYCOPEPTIDE"	"VANCOMYCIN"	"D-alanine--(R)-lactate ligase VanA"	"vanA"
"NF000206.1"	"GLYCOPEPTIDE"	"VANCOMYCIN"	"D-alanine--(R)-lactate ligase"	"vanA"
"NF000092.1"	"GLYCOPEPTIDE"	"VANCOMYCIN"	"D-alanine--(R)-lactate ligase VanA-Ao2"	"vanA-Ao2"
"NF000129.1"	"GLYCOPEPTIDE"	"VANCOMYCIN"	"D-alanine--(R)-lactate ligase VanA-Sc"	"vanA-Sc"
"NF012216.1"	"GLYCOPEPTIDE"	"VANCOMYCIN"	"D-alanine--(R)-lactate ligase VanB"	"vanB"
"NF012214.1"	"GLYCOPEPTIDE"	"VANCOMYCIN"	"D-alanine--D-serine ligase VanC"	"vanC"
"NF000207.3"	"GLYCOPEPTIDE"	"VANCOMYCIN"	"D-alanine--D-serine ligase"	"vanC"
"NF012213.0"	"GLYCOPEPTIDE"	"VANCOMYCIN"	"D-alanine--D-serine ligase VanC1"	"vanC1"
"NF012215.1"	"GLYCOPEPTIDE"	"VANCOMYCIN"	"D-alanine--(R)-lactate ligase VanD"	"vanD"
"NF000036.1"	"GLYCOPEPTIDE"	"VANCOMYCIN"	"D-alanine--D-serine ligase VanE"	"vanE"
"NF000144.1"	"GLYCOPEPTIDE"	"VANCOMYCIN"	"D-alanine--(R)-lactate ligase VanF"	"vanF"
"NF000091.3"	"GLYCOPEPTIDE"	"VANCOMYCIN"	"D-alanine--D-serine ligase VanG"	"vanG"
"NF000492.1"	"GLYCOPEPTIDE"	"VANCOMYCIN"	"D-lactate dehydrogenase VanH"	"vanH"
"NF000112.1"	"GLYCOPEPTIDE"	"VANCOMYCIN"	"VanH-AOV family D-lactate dehydrogenase"	"vanH"
"NF000371.1"	"GLYCOPEPTIDE"	"VANCOMYCIN"	"VanH-A/VanH-Pt family D-lactate dehydrogenase"	"vanH"
"NF000151.1"	"GLYCOPEPTIDE"	"VANCOMYCIN"	"D-lactate dehydrogenase VanH-Ac1"	"vanH-Ac1"
"NF000004.1"	"GLYCOPEPTIDE"	"VANCOMYCIN"	"D-lactate dehydrogenase VanH-D"	"vanH-D"
"NF000128.1"	"GLYCOPEPTIDE"	"VANCOMYCIN"	"D-lactate dehydrogenase VanH-Sc"	"vanH-Sc"
"NF000372.1"	"GLYCOPEPTIDE"	"VANCOMYCIN"	"D-alanine--(R)-lactate ligase VanI"	"vanI"
"NF000373.1"	"GLYCOPEPTIDE"	"VANCOMYCIN"	"teicoplanin resistance protein VanJ"	"vanJ"
"NF000032.1"	"GLYCOPEPTIDE"	"VANCOMYCIN"	"D-alanine--D-serine ligase VanL"	"vanL"
"NF000470.1"	"GLYCOPEPTIDE"	"VANCOMYCIN"	"D-alanine--(R)-lactate ligase VanM"	"vanM"
"NF000093.1"	"GLYCOPEPTIDE"	"VANCOMYCIN"	"D-alanine--D-serine ligase VanN"	"vanN"
"NF000374.1"	"GLYCOPEPTIDE"	"VANCOMYCIN"	"D-alanine--(R)-lactate ligase VanO"	"vanO"
"NF033117.2"	"GLYCOPEPTIDE"	"VANCOMYCIN"	"VanR-ABDEGLN family response regulator transcription factor"	"vanR"
"NF033120.0"	"GLYCOPEPTIDE"	"VANCOMYCIN"	"vancomycin resistance response regulator transcription factor, VanR-F/VanR-M family"	"vanR"
"NF000401.1"	"GLYCOPEPTIDE"	"VANCOMYCIN"	"vancomycin resistance response regulator transcription factor VanR-A"	"vanR-A"
"NF000402.1"	"GLYCOPEPTIDE"	"VANCOMYCIN"	"vancomycin resistance response regulator transcription factor VanR-B"	"vanR-B"
"NF000403.1"	"GLYCOPEPTIDE"	"VANCOMYCIN"	"vancomycin resistance response regulator transcription factor VanR-C"	"vanR-C"
"NF000404.1"	"GLYCOPEPTIDE"	"VANCOMYCIN"	"vancomycin resistance response regulator transcription factor VanR-D"	"vanR-D"
"NF033118.1"	"GLYCOPEPTIDE"	"VANCOMYCIN"	"vancomycin resistance response regulator transcription factor VanR-O"	"vanR-O"
"NF033091.0"	"GLYCOPEPTIDE"	"VANCOMYCIN"	"vancomycin resistance histidine kinase VanS"	"vanS"
"NF033090.1"	"GLYCOPEPTIDE"	"VANCOMYCIN"	"vancomycin resistance histidine kinase VanS-B"	"vanS-B"
"NF033094.0"	"GLYCOPEPTIDE"	"VANCOMYCIN"	"vancomycin resistance histidine kinase VanS-O"	"vanS-O"
"NF033131.1"	"GLYCOPEPTIDE"	"VANCOMYCIN"	"serine racemase VanT catalytic subunit"	"vanT"
"NF033132.1"	"GLYCOPEPTIDE"	"VANCOMYCIN"	"membrane-bound serine racemase VanT"	"vanT"
"NF000033.1"	"GLYCOPEPTIDE"	"VANCOMYCIN"	"serine racemase VanT-L membrane subunit"	"vanTm"
"NF033133.1"	"GLYCOPEPTIDE"	"VANCOMYCIN"	"serine racemase VanT-L catalytic subunit"	"vanTr"
"NF000090.1"	"GLYCOPEPTIDE"	"VANCOMYCIN"	"glycopeptide resistance transcriptional regulator VanU"	"vanU"
"NF033128.2"	"GLYCOPEPTIDE"	"VANCOMYCIN"	"glycopeptide resistance accessory protein VanW"	"vanW"
"NF033122.1"	"GLYCOPEPTIDE"	"VANCOMYCIN"	"glycopeptide resistance accessory protein VanW-B"	"vanW-B"
"NF033123.1"	"GLYCOPEPTIDE"	"VANCOMYCIN"	"glycopeptide resistance accessory protein VanW-G"	"vanW-G"
"NF033115.1"	"GLYCOPEPTIDE"	"VANCOMYCIN"	"D-Ala-D-Ala dipeptidase VanX"	"vanX"
"NF000380.1"	"GLYCOPEPTIDE"	"VANCOMYCIN"	"D,D-carboxypeptidase/D,D-dipeptidase VanXY"	"vanXY"
"NF000149.1"	"GLYCOPEPTIDE"	"VANCOMYCIN"	"D-Ala-D-Ala dipeptidase/D-Ala-D-Ala carboxypeptidase VanXY-G"	"vanXY"
"NF000472.1"	"GLYCOPEPTIDE"	"VANCOMYCIN"	"VanY-A/VanY-F/VanY-M family D-Ala-D-Ala carboxypeptidase"	"vanY"
"NF000473.1"	"GLYCOPEPTIDE"	"VANCOMYCIN"	"VanY-B/VanY-G family D-Ala-D-Ala carboxypeptidase"	"vanY"
"NF000471.1"	"GLYCOPEPTIDE"	"VANCOMYCIN"	"transpeptidase-like D-Ala-D-Ala carboxypeptidase VanY-D"	"vanY-D"
"NF000086.1"	"GLYCOPEPTIDE"	"VANCOMYCIN"	"D,D-peptidase/D,D-carboxypeptidase VanY-N"	"vanY-N"
"NF033125.2"	"GLYCOPEPTIDE"	"VANCOMYCIN"	"glycopeptide resistance protein VanZ-A"	"vanZ-A"
"NF000145.1"	"GLYCOPEPTIDE"	"VANCOMYCIN"	"glycopeptide resistance protein VanZ-F"	"vanZ-F"
"NF000142.1"	"GLYCOPEPTIDE"	"VANCOMYCIN"	"glycopeptide resistance protein VanZ-Pt"	"vanZ-Pt"
"NF033574.1"	"BETA-LACTAM"	"CARBAPENEM"	"VarG family subclass B1-like metallo-beta-lactamase"	"varG"
"NF000311.1"	"STREPTOGRAMIN"	"STREPTOGRAMIN"	"Vat family streptogramin A O-acetyltransferase"	"vat"
"NF000101.1"	"STREPTOGRAMIN"	"STREPTOGRAMIN"	"streptogramin A O-acetyltransferase Vat(A)"	"vat(A)"
"NF000097.1"	"STREPTOGRAMIN"	"STREPTOGRAMIN"	"streptogramin A O-acetyltransferase Vat(C)"	"vat(C)"
"NF000111.1"	"STREPTOGRAMIN"	"STREPTOGRAMIN"	"streptogramin A O-acetyltransferase Vat(D)"	"vat(D)"
"NF000020.1"	"STREPTOGRAMIN"	"STREPTOGRAMIN"	"streptogramin A O-acetyltransferase Vat(E)"	"vat(E)"
"NF000147.1"	"STREPTOGRAMIN"	"STREPTOGRAMIN"	"streptogramin A O-acetyltransferase Vat(F)"	"vat(F)"
"NF000504.1"	"STREPTOGRAMIN"	"STREPTOGRAMIN"	"streptogramin A O-acetyltransferase Vat(H)"	"vat(H)"
"NF033468.1"	"STREPTOGRAMIN"	"STREPTOGRAMIN"	"streptogramin A O-acetyltransferase Vat(I)"	"vatI"
"NF000170.1"	"LINCOSAMIDE"	"LINCOSAMIDE"	"Vga family ABC-F type ribosomal protection protein"	"vga"
"NF000022.1"	"STREPTOGRAMIN"	"STREPTOGRAMIN"	"streptogramin B lyase Vgb(A)"	"vgb(A)"
"NF000096.1"	"STREPTOGRAMIN"	"STREPTOGRAMIN"	"streptogramin B lyase Vgb(B)"	"vgb(B)"
"NF000088.1"	"TUBERACTINOMYCIN"	"VIOMYCIN"	"viomycin phosphotransferase"	"vph"
"NF033478.1"			"trimeric autotransporter adhesin YadA"	"yadA"
"NF040632.1"			"YopJ/YopP family T3SS effector serine/threonine acetyltransferase"	"yopJ"
"NF000479.1"	"BLEOMYCIN"	"ZORBAMYCIN"	"zorbamycin binding protein ZbmA"	"zbmA"
"NF000405.1"			"HARLDQ motif MBL-fold protein"	
